Date,Workout Name,Duration,Exercise Name,Set Order,Weight,Reps,Distance,Seconds,RPE
2025-01-20 09:56:00,"Evening Workout",1h,"Hack Squat",W,90.0,10.0,0,0.0,
2025-01-20 09:56:00,"Evening Workout",1h,"Hack Squat",1,180.0,10.0,0,0.0,
2025-01-20 09:56:00,"Evening Workout",1h,"Hack Squat",2,230.0,10.0,0,0.0,
2025-01-20 09:56:00,"Evening Workout",1h,"Hack Squat",3,250.0,10.0,0,0.0,
2025-01-20 09:56:00,"Evening Workout",1h,"Hack Squat",4,250.0,10.0,0,0.0,
2025-01-20 09:56:00,"Evening Workout",1h,"Single Leg Extension",1,75.0,12.0,0,0.0,
2025-01-20 09:56:00,"Evening Workout",1h,"Single Leg Extension",2,85.0,10.0,0,0.0,
2025-01-20 09:56:00,"Evening Workout",1h,"Single Leg Extension",3,85.0,10.0,0,0.0,
2025-01-20 09:56:00,"Evening Workout",1h,"Kneeling Leg Curl",1,80.0,12.0,0,0.0,
2025-01-20 09:56:00,"Evening Workout",1h,"Kneeling Leg Curl",2,85.0,12.0,0,0.0,
2025-01-20 09:56:00,"Evening Workout",1h,"Kneeling Leg Curl",3,85.0,12.0,0,0.0,
2025-01-20 09:56:00,"Evening Workout",1h,"Standing Calf Raise (Machine)",1,150.0,15.0,0,0.0,
2025-01-20 09:56:00,"Evening Workout",1h,"Standing Calf Raise (Machine)",2,150.0,15.0,0,0.0,
2025-01-20 09:56:00,"Evening Workout",1h,"Standing Calf Raise (Machine)",3,150.0,15.0,0,0.0,
2025-01-24 18:08:30,"Legs",144h 19min,"Lying Leg Curl (Machine)",W,85.0,12.0,0,0.0,
2025-01-24 18:08:30,"Legs",144h 19min,"Lying Leg Curl (Machine)",1,115.0,12.0,0,0.0,
2025-01-24 18:08:30,"Legs",144h 19min,"Lying Leg Curl (Machine)",2,125.0,12.0,0,0.0,
2025-01-24 18:08:30,"Legs",144h 19min,"Lying Leg Curl (Machine)",3,125.0,12.0,0,0.0,
2025-01-24 18:08:30,"Legs",144h 19min,"Hack Squat",W,90.0,10.0,0,0.0,
2025-01-24 18:08:30,"Legs",144h 19min,"Hack Squat",1,180.0,10.0,0,0.0,
2025-01-24 18:08:30,"Legs",144h 19min,"Hack Squat",2,260.0,10.0,0,0.0,
2025-01-24 18:08:30,"Legs",144h 19min,"Hack Squat",3,260.0,8.0,0,0.0,
2025-01-24 18:08:30,"Legs",144h 19min,"Hack Squat",4,260.0,8.0,0,0.0,
2025-01-24 18:08:30,"Legs",144h 19min,"Leg Extension (Machine)",W,85.0,12.0,0,0.0,
2025-01-24 18:08:30,"Legs",144h 19min,"Leg Extension (Machine)",1,115.0,12.0,0,0.0,
2025-01-24 18:08:30,"Legs",144h 19min,"Leg Extension (Machine)",2,130.0,12.0,0,0.0,
2025-01-24 18:08:30,"Legs",144h 19min,"Leg Extension (Machine)",3,130.0,12.0,0,0.0,
2025-01-24 18:08:30,"Legs",144h 19min,"Standing Calf Raise (Smith Machine)",1,75.0,20.0,0,0.0,
2025-01-24 18:08:30,"Legs",144h 19min,"Standing Calf Raise (Smith Machine)",2,95.0,20.0,0,0.0,
2025-01-24 18:08:30,"Legs",144h 19min,"Standing Calf Raise (Smith Machine)",3,125.0,15.0,0,0.0,
2025-01-24 18:08:30,"Legs",144h 19min,"Standing Calf Raise (Smith Machine)",4,125.0,15.0,0,0.0,
2025-01-30 18:28:09,"Evening Workout",96h 45min,"Chest Press (Machine)",W,40.0,12.0,0,0.0,
2025-01-30 18:28:09,"Evening Workout",96h 45min,"Chest Press (Machine)",1,85.0,9.0,0,0.0,
2025-01-30 18:28:09,"Evening Workout",96h 45min,"Chest Press (Machine)",2,85.0,9.0,0,0.0,
2025-01-30 18:28:09,"Evening Workout",96h 45min,"Chest Press (Machine)",3,85.0,9.0,0,0.0,
2025-01-30 18:28:09,"Evening Workout",96h 45min,"Chest Fly",1,50.0,12.0,0,0.0,
2025-01-30 18:28:09,"Evening Workout",96h 45min,"Chest Fly",2,150.0,11.0,0,0.0,
2025-01-30 18:28:09,"Evening Workout",96h 45min,"Chest Fly",3,150.0,11.0,0,0.0,
2025-01-30 18:28:09,"Evening Workout",96h 45min,"Chest Fly",4,150.0,11.0,0,0.0,
2025-01-30 18:28:09,"Evening Workout",96h 45min,"Incline Bench Press (Dumbbell)",1,30.0,12.0,0,0.0,
2025-01-30 18:28:09,"Evening Workout",96h 45min,"Incline Bench Press (Dumbbell)",2,70.0,8.0,0,0.0,
2025-01-30 18:28:09,"Evening Workout",96h 45min,"Incline Bench Press (Dumbbell)",3,70.0,8.0,0,0.0,
2025-01-30 18:28:09,"Evening Workout",96h 45min,"Incline Bench Press (Dumbbell)",4,70.0,8.0,0,0.0,
2025-01-30 18:28:09,"Evening Workout",96h 45min,"Triceps Pushdown (Cable - Straight Bar)",W,20.0,12.0,0,0.0,
2025-01-30 18:28:09,"Evening Workout",96h 45min,"Triceps Pushdown (Cable - Straight Bar)",1,40.0,15.0,0,0.0,
2025-01-30 18:28:09,"Evening Workout",96h 45min,"Triceps Pushdown (Cable - Straight Bar)",2,45.0,12.0,0,0.0,
2025-01-30 18:28:09,"Evening Workout",96h 45min,"Triceps Pushdown (Cable - Straight Bar)",3,45.0,15.0,0,0.0,
2025-01-30 18:28:09,"Evening Workout",96h 45min,"Triceps Extension (Cable)",1,10.0,15.0,0,0.0,
2025-01-30 18:28:09,"Evening Workout",96h 45min,"Triceps Extension (Cable)",2,15.0,15.0,0,0.0,
2025-01-30 18:28:09,"Evening Workout",96h 45min,"Triceps Extension (Cable)",3,15.0,15.0,0,0.0,
2025-02-03 19:14:54,"Evening Workout",37min,"Lat Pulldown (Cable)",W,25.0,12.0,0,0.0,
2025-02-03 19:14:54,"Evening Workout",37min,"Lat Pulldown (Cable)",1,55.0,10.0,0,0.0,
2025-02-03 19:14:54,"Evening Workout",37min,"Lat Pulldown (Cable)",2,60.0,10.0,0,0.0,
2025-02-03 19:14:54,"Evening Workout",37min,"Lat Pulldown (Cable)",3,60.0,8.0,0,0.0,
2025-02-03 19:14:54,"Evening Workout",37min,"Seated Wide-Grip Row (Cable)",W,25.0,10.0,0,0.0,
2025-02-03 19:14:54,"Evening Workout",37min,"Seated Wide-Grip Row (Cable)",1,50.0,8.0,0,0.0,
2025-02-03 19:14:54,"Evening Workout",37min,"Seated Wide-Grip Row (Cable)",2,50.0,10.0,0,0.0,
2025-02-03 19:14:54,"Evening Workout",37min,"Seated Wide-Grip Row (Cable)",3,50.0,10.0,0,0.0,
2025-02-03 19:14:54,"Evening Workout",37min,"T Bar Row",W,45.0,12.0,0,0.0,
2025-02-03 19:14:54,"Evening Workout",37min,"T Bar Row",1,90.0,10.0,0,0.0,
2025-02-03 19:14:54,"Evening Workout",37min,"T Bar Row",2,100.0,8.0,0,0.0,
2025-02-03 19:14:54,"Evening Workout",37min,"T Bar Row",3,100.0,8.0,0,0.0,
2025-02-03 19:14:54,"Evening Workout",37min,"Seated Row (Cable)",W,25.0,12.0,0,0.0,
2025-02-03 19:14:54,"Evening Workout",37min,"Seated Row (Cable)",1,50.0,12.0,0,0.0,
2025-02-03 19:14:54,"Evening Workout",37min,"Seated Row (Cable)",2,50.0,12.0,0,0.0,
2025-02-03 19:14:54,"Evening Workout",37min,"Seated Row (Cable)",3,60.0,8.0,0,0.0,
2025-02-05 18:08:53,"Chest",53min,"Chest Press (Machine)",W,40.0,12.0,0,0.0,
2025-02-05 18:08:53,"Chest",53min,"Chest Press (Machine)",1,85.0,6.0,0,0.0,
2025-02-05 18:08:53,"Chest",53min,"Chest Press (Machine)",2,85.0,7.0,0,0.0,
2025-02-05 18:08:53,"Chest",53min,"Chest Press (Machine)",3,85.0,7.0,0,0.0,
2025-02-05 18:08:53,"Chest",53min,"Incline Bench Press (Dumbbell)",W,30.0,12.0,0,0.0,
2025-02-05 18:08:53,"Chest",53min,"Incline Bench Press (Dumbbell)",1,70.0,7.0,0,0.0,
2025-02-05 18:08:53,"Chest",53min,"Incline Bench Press (Dumbbell)",2,70.0,7.0,0,0.0,
2025-02-05 18:08:53,"Chest",53min,"Incline Bench Press (Dumbbell)",3,70.0,7.0,0,0.0,
2025-02-05 18:08:53,"Chest",53min,"Chest Fly",W,50.0,12.0,0,0.0,
2025-02-05 18:08:53,"Chest",53min,"Chest Fly",1,150.0,11.0,0,0.0,
2025-02-05 18:08:53,"Chest",53min,"Chest Fly",2,150.0,12.0,0,0.0,
2025-02-05 18:08:53,"Chest",53min,"Chest Fly",3,150.0,12.0,0,0.0,
2025-02-05 18:08:53,"Chest",53min,"Lateral Raise (Cable)",1,7.5,12.0,0,0.0,
2025-02-05 18:08:53,"Chest",53min,"Lateral Raise (Cable)",2,12.5,10.0,0,0.0,
2025-02-05 18:08:53,"Chest",53min,"Lateral Raise (Cable)",3,12.5,10.0,0,0.0,
2025-02-05 18:08:53,"Chest",53min,"Lateral Raise (Cable)",4,12.5,10.0,0,0.0,
2025-02-05 18:08:53,"Chest",53min,"Cable Shrug",1,32.5,15.0,0,0.0,
2025-02-05 18:08:53,"Chest",53min,"Cable Shrug",2,32.5,15.0,0,0.0,
2025-02-05 18:08:53,"Chest",53min,"Cable Shrug",3,32.5,15.0,0,0.0,
2025-02-12 18:10:58,"Chest",23h 51min,"Chest Press (Machine)",W,40.0,12.0,0,0.0,
2025-02-12 18:10:58,"Chest",23h 51min,"Chest Press (Machine)",1,85.0,8.0,0,0.0,
2025-02-12 18:10:58,"Chest",23h 51min,"Chest Press (Machine)",2,85.0,8.0,0,0.0,
2025-02-12 18:10:58,"Chest",23h 51min,"Chest Press (Machine)",3,85.0,8.0,0,0.0,
2025-02-12 18:10:58,"Chest",23h 51min,"Chest Fly",1,50.0,12.0,0,0.0,
2025-02-12 18:10:58,"Chest",23h 51min,"Chest Fly",2,150.0,10.0,0,0.0,
2025-02-12 18:10:58,"Chest",23h 51min,"Chest Fly",3,150.0,10.0,0,0.0,
2025-02-12 18:10:58,"Chest",23h 51min,"Chest Fly",4,150.0,10.0,0,0.0,
2025-02-12 18:10:58,"Chest",23h 51min,"Incline Bench Press (Dumbbell)",1,30.0,12.0,0,0.0,
2025-02-12 18:10:58,"Chest",23h 51min,"Incline Bench Press (Dumbbell)",2,60.0,10.0,0,0.0,
2025-02-12 18:10:58,"Chest",23h 51min,"Incline Bench Press (Dumbbell)",3,60.0,10.0,0,0.0,
2025-02-12 18:10:58,"Chest",23h 51min,"Incline Bench Press (Dumbbell)",4,60.0,10.0,0,0.0,
2025-02-12 18:10:58,"Chest",23h 51min,"Triceps Pushdown (Cable - Straight Bar)",W,20.0,12.0,0,0.0,
2025-02-12 18:10:58,"Chest",23h 51min,"Triceps Pushdown (Cable - Straight Bar)",1,40.0,15.0,0,0.0,
2025-02-12 18:10:58,"Chest",23h 51min,"Triceps Pushdown (Cable - Straight Bar)",2,45.0,12.0,0,0.0,
2025-02-12 18:10:58,"Chest",23h 51min,"Triceps Pushdown (Cable - Straight Bar)",3,45.0,15.0,0,0.0,
2025-02-13 18:03:00,"Back",44h 10min,"Lat Pulldown (Cable)",W,25.0,12.0,0,0.0,
2025-02-13 18:03:00,"Back",44h 10min,"Lat Pulldown (Cable)",1,60.0,11.0,0,0.0,
2025-02-13 18:03:00,"Back",44h 10min,"Lat Pulldown (Cable)",2,60.0,11.0,0,0.0,
2025-02-13 18:03:00,"Back",44h 10min,"Lat Pulldown (Cable)",3,60.0,9.0,0,0.0,
2025-02-13 18:03:00,"Back",44h 10min,"Seated Row (Machine)",W,30.0,12.0,0,0.0,
2025-02-13 18:03:00,"Back",44h 10min,"Seated Row (Machine)",1,70.0,12.0,0,0.0,
2025-02-13 18:03:00,"Back",44h 10min,"Seated Row (Machine)",2,75.0,12.0,0,0.0,
2025-02-13 18:03:00,"Back",44h 10min,"Seated Row (Machine)",3,75.0,12.0,0,0.0,
2025-02-13 18:03:00,"Back",44h 10min,"Seated Row (Machine)",4,75.0,12.0,0,0.0,
2025-02-13 18:03:00,"Back",44h 10min,"T Bar Row",W,45.0,12.0,0,0.0,
2025-02-13 18:03:00,"Back",44h 10min,"T Bar Row",1,90.0,10.0,0,0.0,
2025-02-13 18:03:00,"Back",44h 10min,"T Bar Row",2,90.0,12.0,0,0.0,
2025-02-13 18:03:00,"Back",44h 10min,"T Bar Row",3,90.0,12.0,0,0.0,
2025-02-15 14:13:49,"Legs",27h 6min,"Leg Extension (Machine)",W,85.0,12.0,0,0.0,
2025-02-15 14:13:49,"Legs",27h 6min,"Leg Extension (Machine)",1,130.0,12.0,0,0.0,
2025-02-15 14:13:49,"Legs",27h 6min,"Leg Extension (Machine)",2,135.0,12.0,0,0.0,
2025-02-15 14:13:49,"Legs",27h 6min,"Hack Squat",W,90.0,10.0,0,0.0,
2025-02-15 14:13:49,"Legs",27h 6min,"Hack Squat",1,180.0,8.0,0,0.0,
2025-02-15 14:13:49,"Legs",27h 6min,"Hack Squat",2,270.0,8.0,0,0.0,
2025-02-15 14:13:49,"Legs",27h 6min,"Hack Squat",3,270.0,8.0,0,0.0,
2025-02-15 14:13:49,"Legs",27h 6min,"Hack Squat",4,270.0,8.0,0,0.0,
2025-02-15 14:13:49,"Legs",27h 6min,"Lying Leg Curl (Machine)",W,85.0,12.0,0,0.0,
2025-02-15 14:13:49,"Legs",27h 6min,"Lying Leg Curl (Machine)",1,130.0,12.0,0,0.0,
2025-02-16 17:20:19,"Afternoon Workout",409h 31min,"Reverse Fly (Machine)",W,40.0,12.0,0,0.0,
2025-02-16 17:20:19,"Afternoon Workout",409h 31min,"Reverse Fly (Machine)",1,85.0,12.0,0,0.0,
2025-02-16 17:20:19,"Afternoon Workout",409h 31min,"Reverse Fly (Machine)",2,100.0,10.0,0,0.0,
2025-02-16 17:20:19,"Afternoon Workout",409h 31min,"Reverse Fly (Machine)",3,100.0,10.0,0,0.0,
2025-02-16 17:20:19,"Afternoon Workout",409h 31min,"Incline Curl (Dumbbell)",1,25.0,12.0,0,0.0,
2025-02-16 17:20:19,"Afternoon Workout",409h 31min,"Incline Curl (Dumbbell)",2,25.0,12.0,0,0.0,
2025-02-16 17:20:19,"Afternoon Workout",409h 31min,"Incline Curl (Dumbbell)",3,25.0,12.0,0,0.0,
2025-02-16 17:20:19,"Afternoon Workout",409h 31min,"Incline Curl (Dumbbell)",4,25.0,12.0,0,0.0,
2025-02-16 17:20:19,"Afternoon Workout",409h 31min,"Incline Bench Press (Dumbbell)",1,30.0,12.0,0,0.0,
2025-02-16 17:20:19,"Afternoon Workout",409h 31min,"Incline Bench Press (Dumbbell)",2,60.0,11.0,0,0.0,
2025-02-16 17:20:19,"Afternoon Workout",409h 31min,"Incline Bench Press (Dumbbell)",3,60.0,11.0,0,0.0,
2025-02-16 17:20:19,"Afternoon Workout",409h 31min,"Incline Bench Press (Dumbbell)",4,60.0,10.0,0,0.0,
2025-02-16 17:20:19,"Afternoon Workout",409h 31min,"Triceps Pushdown (Cable - Straight Bar)",1,20.0,12.0,0,0.0,
2025-02-16 17:20:19,"Afternoon Workout",409h 31min,"Triceps Pushdown (Cable - Straight Bar)",2,42.5,15.0,0,0.0,
2025-02-16 17:20:19,"Afternoon Workout",409h 31min,"Triceps Pushdown (Cable - Straight Bar)",3,42.5,12.0,0,0.0,
2025-02-16 17:20:19,"Afternoon Workout",409h 31min,"Triceps Pushdown (Cable - Straight Bar)",4,42.5,12.0,0,0.0,
2025-02-16 17:20:19,"Afternoon Workout",409h 31min,"Lateral Raise (Cable)",1,7.5,12.0,0,0.0,
2025-02-16 17:20:19,"Afternoon Workout",409h 31min,"Lateral Raise (Cable)",2,10.0,12.0,0,0.0,
2025-02-16 17:20:19,"Afternoon Workout",409h 31min,"Lateral Raise (Cable)",3,10.0,12.0,0,0.0,
2025-02-16 17:20:19,"Afternoon Workout",409h 31min,"Lateral Raise (Cable)",4,10.0,10.0,0,0.0,
2025-03-05 18:51:56,"Chest",23h 57min,"Chest Press (Machine)",W,40.0,12.0,0,0.0,
2025-03-05 18:51:56,"Chest",23h 57min,"Chest Press (Machine)",1,85.0,7.0,0,0.0,
2025-03-05 18:51:56,"Chest",23h 57min,"Chest Press (Machine)",2,80.0,10.0,0,0.0,
2025-03-05 18:51:56,"Chest",23h 57min,"Chest Press (Machine)",3,80.0,10.0,0,0.0,
2025-03-05 18:51:56,"Chest",23h 57min,"Chest Fly",1,50.0,12.0,0,0.0,
2025-03-05 18:51:56,"Chest",23h 57min,"Chest Fly",2,150.0,10.0,0,0.0,
2025-03-05 18:51:56,"Chest",23h 57min,"Chest Fly",3,150.0,10.0,0,0.0,
2025-03-05 18:51:56,"Chest",23h 57min,"Chest Fly",4,150.0,8.0,0,0.0,
2025-03-05 18:51:56,"Chest",23h 57min,"Incline Bench Press (Dumbbell)",1,30.0,12.0,0,0.0,
2025-03-05 18:51:56,"Chest",23h 57min,"Incline Bench Press (Dumbbell)",2,60.0,10.0,0,0.0,
2025-03-05 18:51:56,"Chest",23h 57min,"Incline Bench Press (Dumbbell)",3,60.0,10.0,0,0.0,
2025-03-05 18:51:56,"Chest",23h 57min,"Incline Bench Press (Dumbbell)",4,60.0,10.0,0,0.0,
2025-03-05 18:51:56,"Chest",23h 57min,"Triceps Pushdown (Cable - Straight Bar)",W,20.0,12.0,0,0.0,
2025-03-05 18:51:56,"Chest",23h 57min,"Triceps Pushdown (Cable - Straight Bar)",1,40.0,15.0,0,0.0,
2025-03-05 18:51:56,"Chest",23h 57min,"Triceps Pushdown (Cable - Straight Bar)",2,45.0,12.0,0,0.0,
2025-03-05 18:51:56,"Chest",23h 57min,"Triceps Pushdown (Cable - Straight Bar)",3,45.0,15.0,0,0.0,
2025-03-05 18:51:56,"Chest",23h 57min,"Triceps Extension (Cable)",1,10.0,15.0,0,0.0,
2025-03-05 18:51:56,"Chest",23h 57min,"Triceps Extension (Cable)",2,15.0,15.0,0,0.0,
2025-03-05 18:51:56,"Chest",23h 57min,"Triceps Extension (Cable)",3,15.0,15.0,0,0.0,
2025-03-06 18:50:11,"Back",43h 53min,"Lat Pulldown (Cable)",W,25.0,12.0,0,0.0,
2025-03-06 18:50:11,"Back",43h 53min,"Lat Pulldown (Cable)",1,50.0,11.0,0,0.0,
2025-03-06 18:50:11,"Back",43h 53min,"Lat Pulldown (Cable)",2,60.0,10.0,0,0.0,
2025-03-06 18:50:11,"Back",43h 53min,"Lat Pulldown (Cable)",3,60.0,9.0,0,0.0,
2025-03-06 18:50:11,"Back",43h 53min,"Seated Row (Cable)",W,25.0,12.0,0,0.0,
2025-03-06 18:50:11,"Back",43h 53min,"Seated Row (Cable)",1,60.0,11.0,0,0.0,
2025-03-06 18:50:11,"Back",43h 53min,"Seated Row (Cable)",2,60.0,11.0,0,0.0,
2025-03-06 18:50:11,"Back",43h 53min,"Seated Row (Cable)",3,60.0,8.0,0,0.0,
2025-03-06 18:50:11,"Back",43h 53min,"Bent Over Row (Barbell)",1,95.0,12.0,0,0.0,
2025-03-06 18:50:11,"Back",43h 53min,"Bent Over Row (Barbell)",2,95.0,12.0,0,0.0,
2025-03-06 18:50:11,"Back",43h 53min,"Bent Over Row (Barbell)",3,95.0,12.0,0,0.0,
2025-03-08 14:44:07,"Legs",25h 38min,"Hack Squat",W,90.0,10.0,0,0.0,
2025-03-08 14:44:07,"Legs",25h 38min,"Hack Squat",1,180.0,8.0,0,0.0,
2025-03-08 14:44:07,"Legs",25h 38min,"Hack Squat",2,270.0,8.0,0,0.0,
2025-03-08 14:44:07,"Legs",25h 38min,"Hack Squat",3,270.0,8.0,0,0.0,
2025-03-08 14:44:07,"Legs",25h 38min,"Hack Squat",4,270.0,8.0,0,0.0,
2025-03-08 14:44:07,"Legs",25h 38min,"Lying Leg Curl (Machine)",W,85.0,12.0,0,0.0,
2025-03-08 14:44:07,"Legs",25h 38min,"Lying Leg Curl (Machine)",1,130.0,12.0,0,0.0,
2025-03-08 14:44:07,"Legs",25h 38min,"Lying Leg Curl (Machine)",2,140.0,12.0,0,0.0,
2025-03-08 14:44:07,"Legs",25h 38min,"Lying Leg Curl (Machine)",3,140.0,12.0,0,0.0,
2025-03-08 14:44:07,"Legs",25h 38min,"Glute Drive",1,90.0,15.0,0,0.0,
2025-03-08 14:44:07,"Legs",25h 38min,"Glute Drive",2,90.0,15.0,0,0.0,
2025-03-08 14:44:07,"Legs",25h 38min,"Glute Drive",3,140.0,10.0,0,0.0,
2025-03-08 14:44:07,"Legs",25h 38min,"Glute Drive",4,140.0,10.0,0,0.0,
2025-03-08 14:44:07,"Legs",25h 38min,"Seated Calf Raise (Plate Loaded)",1,50.0,20.0,0,0.0,
2025-03-08 14:44:07,"Legs",25h 38min,"Seated Calf Raise (Plate Loaded)",2,50.0,20.0,0,0.0,
2025-03-08 14:44:07,"Legs",25h 38min,"Seated Calf Raise (Plate Loaded)",3,50.0,20.0,0,0.0,
2025-03-09 17:22:45,"Afternoon Workout",24h 7min,"Lateral Raise (Cable)",W,7.5,12.0,0,0.0,
2025-03-09 17:22:45,"Afternoon Workout",24h 7min,"Lateral Raise (Cable)",1,12.5,12.0,0,0.0,
2025-03-09 17:22:45,"Afternoon Workout",24h 7min,"Lateral Raise (Cable)",2,12.5,12.0,0,0.0,
2025-03-09 17:22:45,"Afternoon Workout",24h 7min,"Lateral Raise (Cable)",3,12.5,11.0,0,0.0,
2025-03-09 17:22:45,"Afternoon Workout",24h 7min,"Cable Shrug",1,32.5,15.0,0,0.0,
2025-03-09 17:22:45,"Afternoon Workout",24h 7min,"Cable Shrug",2,37.5,12.0,0,0.0,
2025-03-09 17:22:45,"Afternoon Workout",24h 7min,"Cable Shrug",3,37.5,12.0,0,0.0,
2025-03-09 17:22:45,"Afternoon Workout",24h 7min,"Seated Overhead Press (Dumbbell)",W,25.0,12.0,0,0.0,
2025-03-09 17:22:45,"Afternoon Workout",24h 7min,"Seated Overhead Press (Dumbbell)",1,40.0,10.0,0,0.0,
2025-03-09 17:22:45,"Afternoon Workout",24h 7min,"Seated Overhead Press (Dumbbell)",2,40.0,10.0,0,0.0,
2025-03-09 17:22:45,"Afternoon Workout",24h 7min,"Seated Overhead Press (Dumbbell)",3,40.0,10.0,0,0.0,
2025-03-09 17:22:45,"Afternoon Workout",24h 7min,"Incline Curl (Dumbbell)",W,20.0,12.0,0,0.0,
2025-03-09 17:22:45,"Afternoon Workout",24h 7min,"Incline Curl (Dumbbell)",1,25.0,12.0,0,0.0,
2025-03-09 17:22:45,"Afternoon Workout",24h 7min,"Incline Curl (Dumbbell)",2,30.0,12.0,0,0.0,
2025-03-09 17:22:45,"Afternoon Workout",24h 7min,"Incline Curl (Dumbbell)",3,30.0,12.0,0,0.0,
2025-03-09 17:22:45,"Afternoon Workout",24h 7min,"Triceps Pushdown (Cable - Straight Bar)",1,20.0,12.0,0,0.0,
2025-03-09 17:22:45,"Afternoon Workout",24h 7min,"Triceps Pushdown (Cable - Straight Bar)",2,42.5,15.0,0,0.0,
2025-03-09 17:22:45,"Afternoon Workout",24h 7min,"Triceps Pushdown (Cable - Straight Bar)",3,42.5,15.0,0,0.0,
2025-03-09 17:22:45,"Afternoon Workout",24h 7min,"Triceps Pushdown (Cable - Straight Bar)",4,42.5,15.0,0,0.0,
2025-03-09 17:22:45,"Afternoon Workout",24h 7min,"Triceps Extension (Cable)",1,10.0,15.0,0,0.0,
2025-03-09 17:22:45,"Afternoon Workout",24h 7min,"Triceps Extension (Cable)",2,15.0,15.0,0,0.0,
2025-03-09 17:22:45,"Afternoon Workout",24h 7min,"Triceps Extension (Cable)",3,15.0,15.0,0,0.0,
2025-03-09 17:22:45,"Afternoon Workout",24h 7min,"Face Pull (Cable)",W,20.0,20.0,0,0.0,
2025-03-09 17:22:45,"Afternoon Workout",24h 7min,"Face Pull (Cable)",1,30.0,15.0,0,0.0,
2025-03-09 17:22:45,"Afternoon Workout",24h 7min,"Face Pull (Cable)",2,30.0,15.0,0,0.0,
2025-03-09 17:22:45,"Afternoon Workout",24h 7min,"Face Pull (Cable)",3,30.0,15.0,0,0.0,
2025-03-10 18:14:31,"Back",48h 8min,"Lat Pulldown (Cable)",W,25.0,12.0,0,0.0,
2025-03-10 18:14:31,"Back",48h 8min,"Lat Pulldown (Cable)",1,60.0,10.0,0,0.0,
2025-03-10 18:14:31,"Back",48h 8min,"Lat Pulldown (Cable)",2,60.0,10.0,0,0.0,
2025-03-10 18:14:31,"Back",48h 8min,"Lat Pulldown (Cable)",3,60.0,10.0,0,0.0,
2025-03-10 18:14:31,"Back",48h 8min,"Seated Wide-Grip Row (Cable)",1,25.0,10.0,0,0.0,
2025-03-10 18:14:31,"Back",48h 8min,"Seated Wide-Grip Row (Cable)",2,50.0,12.0,0,0.0,
2025-03-10 18:14:31,"Back",48h 8min,"Seated Wide-Grip Row (Cable)",3,50.0,12.0,0,0.0,
2025-03-10 18:14:31,"Back",48h 8min,"Seated Wide-Grip Row (Cable)",4,50.0,12.0,0,0.0,
2025-03-10 18:14:31,"Back",48h 8min,"T Bar Row",1,45.0,12.0,0,0.0,
2025-03-10 18:14:31,"Back",48h 8min,"T Bar Row",2,90.0,11.0,0,0.0,
2025-03-10 18:14:31,"Back",48h 8min,"T Bar Row",3,95.0,11.0,0,0.0,
2025-03-10 18:14:31,"Back",48h 8min,"T Bar Row",4,95.0,10.0,0,0.0,
2025-03-10 18:14:31,"Back",48h 8min,"Seated Row (Cable)",W,25.0,12.0,0,0.0,
2025-03-10 18:14:31,"Back",48h 8min,"Seated Row (Cable)",1,60.0,12.0,0,0.0,
2025-03-10 18:14:31,"Back",48h 8min,"Seated Row (Cable)",2,60.0,12.0,0,0.0,
2025-03-10 18:14:31,"Back",48h 8min,"Seated Row (Cable)",3,60.0,12.0,0,0.0,
2025-03-10 18:14:31,"Back",48h 8min,"Bicep Curl (Dumbbell)",1,35.0,10.0,0,0.0,
2025-03-10 18:14:31,"Back",48h 8min,"Bicep Curl (Dumbbell)",2,35.0,9.0,0,0.0,
2025-03-10 18:14:31,"Back",48h 8min,"Bicep Curl (Dumbbell)",3,35.0,10.0,0,0.0,
2025-03-12 18:23:19,"Chest",1h 7min,"Incline Bench Press (Dumbbell)",1,30.0,12.0,0,0.0,
2025-03-12 18:23:19,"Chest",1h 7min,"Incline Bench Press (Dumbbell)",2,65.0,8.0,0,0.0,
2025-03-12 18:23:19,"Chest",1h 7min,"Incline Bench Press (Dumbbell)",3,65.0,8.0,0,0.0,
2025-03-12 18:23:19,"Chest",1h 7min,"Incline Bench Press (Dumbbell)",4,65.0,9.0,0,0.0,
2025-03-12 18:23:19,"Chest",1h 7min,"Chest Press (Machine)",W,40.0,12.0,0,0.0,
2025-03-12 18:23:19,"Chest",1h 7min,"Chest Press (Machine)",1,85.0,9.0,0,0.0,
2025-03-12 18:23:19,"Chest",1h 7min,"Chest Press (Machine)",2,85.0,9.0,0,0.0,
2025-03-12 18:23:19,"Chest",1h 7min,"Chest Press (Machine)",3,85.0,9.0,0,0.0,
2025-03-12 18:23:19,"Chest",1h 7min,"Triceps Extension (Cable)",1,12.5,12.0,0,0.0,
2025-03-12 18:23:19,"Chest",1h 7min,"Triceps Extension (Cable)",2,17.5,11.0,0,0.0,
2025-03-12 18:23:19,"Chest",1h 7min,"Triceps Extension (Cable)",3,17.5,11.0,0,0.0,
2025-03-12 18:23:19,"Chest",1h 7min,"Incline Bench Press (Barbell)",1,115.0,8.0,0,0.0,
2025-03-12 18:23:19,"Chest",1h 7min,"Incline Bench Press (Barbell)",2,115.0,8.0,0,0.0,
2025-03-12 18:23:19,"Chest",1h 7min,"Incline Bench Press (Barbell)",3,135.0,8.0,0,0.0,
2025-03-12 18:23:19,"Chest",1h 7min,"Incline Bench Press (Barbell)",4,145.0,8.0,0,0.0,
2025-03-12 18:23:19,"Chest",1h 7min,"Incline Bench Press (Barbell)",5,145.0,8.0,0,0.0,
2025-03-12 18:23:19,"Chest",1h 7min,"One Arm Tricep Cable Pushdown",1,12.5,12.0,0,0.0,
2025-03-12 18:23:19,"Chest",1h 7min,"One Arm Tricep Cable Pushdown",2,12.5,15.0,0,0.0,
2025-03-12 18:23:19,"Chest",1h 7min,"One Arm Tricep Cable Pushdown",3,12.5,15.0,0,0.0,
2025-03-12 18:23:19,"Chest",1h 7min,"One Arm Tricep Cable Pushdown",4,12.5,15.0,0,0.0,
2025-03-12 18:23:19,"Chest",1h 7min,"Crunch (Machine)",1,35.0,20.0,0,0.0,
2025-03-12 18:23:19,"Chest",1h 7min,"Crunch (Machine)",2,55.0,20.0,0,0.0,
2025-03-12 18:23:19,"Chest",1h 7min,"Crunch (Machine)",3,70.0,12.0,0,0.0,
2025-03-12 18:23:19,"Chest",1h 7min,"Crunch (Machine)",4,70.0,10.0,0,0.0,
2025-03-13 18:24:44,"Legs",25h 22min,"Hack Squat",W,90.0,10.0,0,0.0,
2025-03-13 18:24:44,"Legs",25h 22min,"Hack Squat",1,180.0,8.0,0,0.0,
2025-03-13 18:24:44,"Legs",25h 22min,"Hack Squat",2,270.0,8.0,0,0.0,
2025-03-13 18:24:44,"Legs",25h 22min,"Hack Squat",3,270.0,8.0,0,0.0,
2025-03-13 18:24:44,"Legs",25h 22min,"Hack Squat",4,270.0,9.0,0,0.0,
2025-03-13 18:24:44,"Legs",25h 22min,"Lying Leg Curl (Machine)",W,85.0,12.0,0,0.0,
2025-03-13 18:24:44,"Legs",25h 22min,"Lying Leg Curl (Machine)",1,140.0,12.0,0,0.0,
2025-03-13 18:24:44,"Legs",25h 22min,"Lying Leg Curl (Machine)",2,140.0,12.0,0,0.0,
2025-03-13 18:24:44,"Legs",25h 22min,"Lying Leg Curl (Machine)",3,140.0,10.0,0,0.0,
2025-03-13 18:24:44,"Legs",25h 22min,"Standing Calf Raise (Machine)",1,150.0,15.0,0,0.0,
2025-03-13 18:24:44,"Legs",25h 22min,"Standing Calf Raise (Machine)",2,150.0,18.0,0,0.0,
2025-03-13 18:24:44,"Legs",25h 22min,"Standing Calf Raise (Machine)",3,150.0,18.0,0,0.0,
2025-03-14 19:48:39,"Evening Workout",59min,"Lateral Raise (Cable)",W,7.5,12.0,0,0.0,
2025-03-14 19:48:39,"Evening Workout",59min,"Lateral Raise (Cable)",1,10.0,12.0,0,0.0,
2025-03-14 19:48:39,"Evening Workout",59min,"Lateral Raise (Cable)",2,10.0,12.0,0,0.0,
2025-03-14 19:48:39,"Evening Workout",59min,"Lateral Raise (Cable)",3,15.0,5.0,0,0.0,
2025-03-14 19:48:39,"Evening Workout",59min,"Lateral Raise (Cable)",4,12.5,12.0,0,0.0,
2025-03-14 19:48:39,"Evening Workout",59min,"Cable Shrug",1,32.5,15.0,0,0.0,
2025-03-14 19:48:39,"Evening Workout",59min,"Cable Shrug",2,37.5,15.0,0,0.0,
2025-03-14 19:48:39,"Evening Workout",59min,"Cable Shrug",3,37.5,15.0,0,0.0,
2025-03-14 19:48:39,"Evening Workout",59min,"Shoulder Press (Machine)",W,50.0,12.0,0,0.0,
2025-03-14 19:48:39,"Evening Workout",59min,"Shoulder Press (Machine)",1,65.0,12.0,0,0.0,
2025-03-14 19:48:39,"Evening Workout",59min,"Shoulder Press (Machine)",2,70.0,15.0,0,0.0,
2025-03-14 19:48:39,"Evening Workout",59min,"Shoulder Press (Machine)",3,80.0,12.0,0,0.0,
2025-03-14 19:48:39,"Evening Workout",59min,"Shoulder Press (Machine)",4,50.0,12.0,0,0.0,
2025-03-14 19:48:39,"Evening Workout",59min,"Reverse Fly (Machine)",W,40.0,12.0,0,0.0,
2025-03-14 19:48:39,"Evening Workout",59min,"Reverse Fly (Machine)",W,50.0,12.0,0,0.0,
2025-03-14 19:48:39,"Evening Workout",59min,"Reverse Fly (Machine)",1,70.0,12.0,0,0.0,
2025-03-14 19:48:39,"Evening Workout",59min,"Reverse Fly (Machine)",2,90.0,10.0,0,0.0,
2025-03-14 19:48:39,"Evening Workout",59min,"Reverse Fly (Machine)",3,90.0,10.0,0,0.0,
2025-03-14 19:48:39,"Evening Workout",59min,"Incline Curl (Dumbbell)",1,20.0,12.0,0,0.0,
2025-03-14 19:48:39,"Evening Workout",59min,"Incline Curl (Dumbbell)",2,25.0,12.0,0,0.0,
2025-03-14 19:48:39,"Evening Workout",59min,"Incline Curl (Dumbbell)",3,25.0,12.0,0,0.0,
2025-03-14 19:48:39,"Evening Workout",59min,"Incline Curl (Dumbbell)",4,25.0,12.0,0,0.0,
2025-03-14 19:48:39,"Evening Workout",59min,"Preacher Curl (Barbell)",1,40.0,15.0,0,0.0,
2025-03-14 19:48:39,"Evening Workout",59min,"Preacher Curl (Barbell)",2,50.0,12.0,0,0.0,
2025-03-14 19:48:39,"Evening Workout",59min,"Preacher Curl (Barbell)",3,50.0,12.0,0,0.0,
2025-03-18 18:42:19,"Chest",47h 4min,"Incline Bench Press (Dumbbell)",W,30.0,12.0,0,0.0,
2025-03-18 18:42:19,"Chest",47h 4min,"Incline Bench Press (Dumbbell)",1,65.0,9.0,0,0.0,
2025-03-18 18:42:19,"Chest",47h 4min,"Incline Bench Press (Dumbbell)",2,65.0,9.0,0,0.0,
2025-03-18 18:42:19,"Chest",47h 4min,"Incline Bench Press (Dumbbell)",3,65.0,8.0,0,0.0,
2025-03-18 18:42:19,"Chest",47h 4min,"Incline Bench Press (Dumbbell)",4,65.0,5.0,0,0.0,
2025-03-18 18:42:19,"Chest",47h 4min,"Bench Press (Barbell)",W,135.0,12.0,0,0.0,
2025-03-18 18:42:19,"Chest",47h 4min,"Bench Press (Barbell)",1,185.0,5.0,0,0.0,
2025-03-18 18:42:19,"Chest",47h 4min,"Bench Press (Barbell)",2,185.0,5.0,0,0.0,
2025-03-18 18:42:19,"Chest",47h 4min,"Bench Press (Barbell)",3,185.0,5.0,0,0.0,
2025-03-18 18:42:19,"Chest",47h 4min,"Chest Fly",W,90.0,12.0,0,0.0,
2025-03-18 18:42:19,"Chest",47h 4min,"Chest Fly",1,150.0,11.0,0,0.0,
2025-03-18 18:42:19,"Chest",47h 4min,"Chest Fly",2,150.0,10.0,0,0.0,
2025-03-18 18:42:19,"Chest",47h 4min,"Chest Fly",3,150.0,8.0,0,0.0,
2025-03-18 18:42:19,"Chest",47h 4min,"Triceps Pushdown (Cable - Straight Bar)",1,20.0,12.0,0,0.0,
2025-03-18 18:42:19,"Chest",47h 4min,"Triceps Pushdown (Cable - Straight Bar)",2,40.0,15.0,0,0.0,
2025-03-18 18:42:19,"Chest",47h 4min,"Triceps Pushdown (Cable - Straight Bar)",3,40.0,16.0,0,0.0,
2025-03-18 18:42:19,"Chest",47h 4min,"Triceps Pushdown (Cable - Straight Bar)",4,40.0,16.0,0,0.0,
2025-03-18 18:42:19,"Chest",47h 4min,"Triceps Extension (Cable)",1,12.5,12.0,0,0.0,
2025-03-18 18:42:19,"Chest",47h 4min,"Triceps Extension (Cable)",2,17.5,11.0,0,0.0,
2025-03-18 18:42:19,"Chest",47h 4min,"Triceps Extension (Cable)",3,17.5,11.0,0,0.0,
2025-03-20 17:47:33,"Back",25h 57min,"Lat Pulldown (Cable)",W,25.0,12.0,0,0.0,
2025-03-20 17:47:33,"Back",25h 57min,"Lat Pulldown (Cable)",1,60.0,12.0,0,0.0,
2025-03-20 17:47:33,"Back",25h 57min,"Lat Pulldown (Cable)",2,60.0,12.0,0,0.0,
2025-03-20 17:47:33,"Back",25h 57min,"Lat Pulldown (Cable)",3,60.0,12.0,0,0.0,
2025-03-20 17:47:33,"Back",25h 57min,"Seated Wide-Grip Row (Cable)",W,25.0,10.0,0,0.0,
2025-03-20 17:47:33,"Back",25h 57min,"Seated Wide-Grip Row (Cable)",1,60.0,10.0,0,0.0,
2025-03-20 17:47:33,"Back",25h 57min,"Seated Wide-Grip Row (Cable)",2,60.0,10.0,0,0.0,
2025-03-20 17:47:33,"Back",25h 57min,"Seated Wide-Grip Row (Cable)",3,60.0,10.0,0,0.0,
2025-03-20 17:47:33,"Back",25h 57min,"Seated Row (Cable)",W,25.0,12.0,0,0.0,
2025-03-20 17:47:33,"Back",25h 57min,"Seated Row (Cable)",1,60.0,12.0,0,0.0,
2025-03-20 17:47:33,"Back",25h 57min,"Seated Row (Cable)",2,70.0,10.0,0,0.0,
2025-03-20 17:47:33,"Back",25h 57min,"Seated Row (Cable)",3,70.0,10.0,0,0.0,
2025-03-20 17:47:33,"Back",25h 57min,"Bicep Curl (Machine)",1,50.0,13.0,0,0.0,
2025-03-20 17:47:33,"Back",25h 57min,"Bicep Curl (Machine)",2,55.0,12.0,0,0.0,
2025-03-20 17:47:33,"Back",25h 57min,"Bicep Curl (Machine)",3,60.0,11.0,0,0.0,
2025-03-20 17:47:33,"Back",25h 57min,"One Leg Lying Leg Curl Machine",1,50.0,12.0,0,0.0,
2025-03-20 17:47:33,"Back",25h 57min,"One Leg Lying Leg Curl Machine",2,50.0,12.0,0,0.0,
2025-03-20 17:47:33,"Back",25h 57min,"One Leg Lying Leg Curl Machine",3,50.0,12.0,0,0.0,
2025-03-20 17:47:33,"Back",25h 57min,"Incline Curl (Dumbbell)",1,20.0,12.0,0,0.0,
2025-03-20 17:47:33,"Back",25h 57min,"Incline Curl (Dumbbell)",2,30.0,8.0,0,0.0,
2025-03-20 17:47:33,"Back",25h 57min,"Incline Curl (Dumbbell)",3,30.0,8.0,0,0.0,
2025-03-20 17:47:33,"Back",25h 57min,"Incline Curl (Dumbbell)",4,30.0,8.0,0,0.0,
2025-03-21 19:45:26,"Evening Workout",50min,"Shoulder Press (Machine)",1,50.0,12.0,0,0.0,
2025-03-21 19:45:26,"Evening Workout",50min,"Shoulder Press (Machine)",2,70.0,12.0,0,0.0,
2025-03-21 19:45:26,"Evening Workout",50min,"Shoulder Press (Machine)",3,85.0,8.0,0,0.0,
2025-03-21 19:45:26,"Evening Workout",50min,"Shoulder Press (Machine)",4,85.0,8.0,0,0.0,
2025-03-21 19:45:26,"Evening Workout",50min,"Shoulder Press (Machine)",5,85.0,8.0,0,0.0,
2025-03-21 19:45:26,"Evening Workout",50min,"Lateral Raise (Machine)",W,70.0,12.0,0,0.0,
2025-03-21 19:45:26,"Evening Workout",50min,"Lateral Raise (Machine)",1,90.0,10.0,0,0.0,
2025-03-21 19:45:26,"Evening Workout",50min,"Lateral Raise (Machine)",2,90.0,12.0,0,0.0,
2025-03-21 19:45:26,"Evening Workout",50min,"Lateral Raise (Machine)",3,90.0,12.0,0,0.0,
2025-03-21 19:45:26,"Evening Workout",50min,"Lateral Raise (Cable)",W,7.5,12.0,0,0.0,
2025-03-21 19:45:26,"Evening Workout",50min,"Lateral Raise (Cable)",1,10.0,12.0,0,0.0,
2025-03-21 19:45:26,"Evening Workout",50min,"Lateral Raise (Cable)",2,10.0,12.0,0,0.0,
2025-03-21 19:45:26,"Evening Workout",50min,"Lateral Raise (Cable)",3,10.0,12.0,0,0.0,
2025-03-21 19:45:26,"Evening Workout",50min,"Lateral Raise (Cable)",4,10.0,13.0,0,0.0,
2025-03-21 19:45:26,"Evening Workout",50min,"Reverse Fly (Machine)",W,40.0,12.0,0,0.0,
2025-03-21 19:45:26,"Evening Workout",50min,"Reverse Fly (Machine)",1,75.0,12.0,0,0.0,
2025-03-21 19:45:26,"Evening Workout",50min,"Reverse Fly (Machine)",2,90.0,10.0,0,0.0,
2025-03-21 19:45:26,"Evening Workout",50min,"Reverse Fly (Machine)",3,90.0,10.0,0,0.0,
2025-03-21 19:45:26,"Evening Workout",50min,"Reverse Fly (Machine)",4,90.0,10.0,0,0.0,
2025-03-21 19:45:26,"Evening Workout",50min,"Cable Shrug",1,32.5,15.0,0,0.0,
2025-03-21 19:45:26,"Evening Workout",50min,"Cable Shrug",2,37.5,15.0,0,0.0,
2025-03-21 19:45:26,"Evening Workout",50min,"Cable Shrug",3,37.5,15.0,0,0.0,
2025-03-21 19:45:26,"Evening Workout",50min,"Crunch (Machine)",1,55.0,15.0,0,0.0,
2025-03-21 19:45:26,"Evening Workout",50min,"Crunch (Machine)",2,55.0,15.0,0,0.0,
2025-03-21 19:45:26,"Evening Workout",50min,"Crunch (Machine)",3,55.0,15.0,0,0.0,
2025-03-22 15:16:32,"Afternoon Workout",51h 25min,"One Leg Lying Leg Curl Machine",1,40.0,12.0,0,0.0,
2025-03-22 15:16:32,"Afternoon Workout",51h 25min,"One Leg Lying Leg Curl Machine",2,50.0,12.0,0,0.0,
2025-03-22 15:16:32,"Afternoon Workout",51h 25min,"One Leg Lying Leg Curl Machine",3,50.0,12.0,0,0.0,
2025-03-22 15:16:32,"Afternoon Workout",51h 25min,"Romanian Deadlift (Dumbbell)",1,22.5,12.0,0,0.0,
2025-03-22 15:16:32,"Afternoon Workout",51h 25min,"Romanian Deadlift (Dumbbell)",2,22.5,12.0,0,0.0,
2025-03-22 15:16:32,"Afternoon Workout",51h 25min,"Romanian Deadlift (Dumbbell)",3,22.5,12.0,0,0.0,
2025-03-24 18:45:46,"Back",23h 6min,"Lat Pulldown (Cable)",W,25.0,12.0,0,0.0,
2025-03-24 18:45:46,"Back",23h 6min,"Lat Pulldown (Cable)",1,60.0,12.0,0,0.0,
2025-03-24 18:45:46,"Back",23h 6min,"Lat Pulldown (Cable)",2,65.0,9.0,0,0.0,
2025-03-24 18:45:46,"Back",23h 6min,"Lat Pulldown (Cable)",3,65.0,10.0,0,0.0,
2025-03-24 18:45:46,"Back",23h 6min,"Bent Over Row (Barbell)",1,95.0,12.0,0,0.0,
2025-03-24 18:45:46,"Back",23h 6min,"Bent Over Row (Barbell)",2,115.0,8.0,0,0.0,
2025-03-24 18:45:46,"Back",23h 6min,"Bent Over Row (Barbell)",3,115.0,10.0,0,0.0,
2025-03-24 18:45:46,"Back",23h 6min,"Bent Over Row (Barbell)",4,115.0,10.0,0,0.0,
2025-03-24 18:45:46,"Back",23h 6min,"Seated Row (Cable)",W,25.0,12.0,0,0.0,
2025-03-24 18:45:46,"Back",23h 6min,"Seated Row (Cable)",1,60.0,12.0,0,0.0,
2025-03-24 18:45:46,"Back",23h 6min,"Seated Row (Cable)",2,60.0,12.0,0,0.0,
2025-03-24 18:45:46,"Back",23h 6min,"Seated Row (Cable)",3,50.0,12.0,0,0.0,
2025-03-24 18:45:46,"Back",23h 6min,"Bicep Curl (Dumbbell)",1,30.0,12.0,0,0.0,
2025-03-24 18:45:46,"Back",23h 6min,"Bicep Curl (Dumbbell)",2,30.0,13.0,0,0.0,
2025-03-24 18:45:46,"Back",23h 6min,"Bicep Curl (Dumbbell)",3,30.0,12.0,0,0.0,
2025-03-24 18:45:46,"Back",23h 6min,"Preacher Curl (Machine)",W,50.0,12.0,0,0.0,
2025-03-24 18:45:46,"Back",23h 6min,"Preacher Curl (Machine)",1,80.0,11.0,0,0.0,
2025-03-24 18:45:46,"Back",23h 6min,"Preacher Curl (Machine)",2,80.0,11.0,0,0.0,
2025-03-25 17:51:58,"Chest",24h 15min,"Incline Bench Press (Dumbbell)",W,30.0,12.0,0,0.0,
2025-03-25 17:51:58,"Chest",24h 15min,"Incline Bench Press (Dumbbell)",1,60.0,10.0,0,0.0,
2025-03-25 17:51:58,"Chest",24h 15min,"Incline Bench Press (Dumbbell)",2,60.0,10.0,0,0.0,
2025-03-25 17:51:58,"Chest",24h 15min,"Incline Bench Press (Dumbbell)",3,60.0,10.0,0,0.0,
2025-03-25 17:51:58,"Chest",24h 15min,"Incline Bench Press (Dumbbell)",4,60.0,9.0,0,0.0,
2025-03-25 17:51:58,"Chest",24h 15min,"Bench Press (Barbell)",W,135.0,12.0,0,0.0,
2025-03-25 17:51:58,"Chest",24h 15min,"Bench Press (Barbell)",1,185.0,6.0,0,0.0,
2025-03-25 17:51:58,"Chest",24h 15min,"Bench Press (Barbell)",2,185.0,7.0,0,0.0,
2025-03-25 17:51:58,"Chest",24h 15min,"Chest Fly",W,90.0,12.0,0,0.0,
2025-03-25 17:51:58,"Chest",24h 15min,"Chest Fly",1,150.0,11.0,0,0.0,
2025-03-25 17:51:58,"Chest",24h 15min,"Chest Fly",2,150.0,10.0,0,0.0,
2025-03-25 17:51:58,"Chest",24h 15min,"Chest Fly",3,150.0,10.0,0,0.0,
2025-03-25 17:51:58,"Chest",24h 15min,"Triceps Extension (Cable)",1,12.5,12.0,0,0.0,
2025-03-25 17:51:58,"Chest",24h 15min,"One Arm Tricep Cable Pushdown",1,17.5,15.0,0,0.0,
2025-03-25 17:51:58,"Chest",24h 15min,"One Arm Tricep Cable Pushdown",2,17.5,15.0,0,0.0,
2025-03-25 17:51:58,"Chest",24h 15min,"One Arm Tricep Cable Pushdown",3,17.5,15.0,0,0.0,
2025-03-26 18:08:03,"Legs",51min,"One Leg Lying Leg Curl Machine",1,50.0,12.0,0,0.0,
2025-03-26 18:08:03,"Legs",51min,"One Leg Lying Leg Curl Machine",2,50.0,12.0,0,0.0,
2025-03-26 18:08:03,"Legs",51min,"One Leg Lying Leg Curl Machine",3,50.0,12.0,0,0.0,
2025-03-26 18:08:03,"Legs",51min,"Single Leg Extension",1,70.0,12.0,0,0.0,
2025-03-26 18:08:03,"Legs",51min,"Single Leg Extension",2,80.0,11.0,0,0.0,
2025-03-26 18:08:03,"Legs",51min,"Single Leg Extension",3,80.0,11.0,0,0.0,
2025-03-26 18:08:03,"Legs",51min,"Hack Squat",W,90.0,10.0,0,0.0,
2025-03-26 18:08:03,"Legs",51min,"Hack Squat",1,180.0,8.0,0,0.0,
2025-03-26 18:08:03,"Legs",51min,"Hack Squat",2,270.0,8.0,0,0.0,
2025-03-26 18:08:03,"Legs",51min,"Hack Squat",3,270.0,7.0,0,0.0,
2025-03-26 18:08:03,"Legs",51min,"Hack Squat",4,270.0,7.0,0,0.0,
2025-03-26 18:08:03,"Legs",51min,"Standing Calf Raise (Machine)",1,155.0,15.0,0,0.0,
2025-03-26 18:08:03,"Legs",51min,"Standing Calf Raise (Machine)",2,160.0,13.0,0,0.0,
2025-03-26 18:08:03,"Legs",51min,"Standing Calf Raise (Machine)",3,160.0,13.0,0,0.0,
2025-03-26 18:08:03,"Legs",51min,"Glute Drive",1,90.0,12.0,0,0.0,
2025-03-26 18:08:03,"Legs",51min,"Glute Drive",2,90.0,12.0,0,0.0,
2025-03-26 18:08:03,"Legs",51min,"Glute Drive",3,90.0,12.0,0,0.0,
2025-03-26 18:08:03,"Legs",51min,"Crunch (Machine)",1,50.0,16.0,0,0.0,
2025-03-26 18:08:03,"Legs",51min,"Crunch (Machine)",2,50.0,17.0,0,0.0,
2025-03-26 18:08:03,"Legs",51min,"Crunch (Machine)",3,50.0,17.0,0,0.0,
2025-03-26 18:08:03,"Legs",51min,"Seated Leg Curl (Machine)",1,75.0,18.0,0,0.0,
2025-03-26 18:08:03,"Legs",51min,"Seated Leg Curl (Machine)",2,75.0,18.0,0,0.0,
2025-03-26 18:08:03,"Legs",51min,"Seated Leg Curl (Machine)",3,75.0,18.0,0,0.0,
2025-03-27 18:46:31,"Evening Workout",96h 10min,"Shoulder Press (Machine)",W,50.0,12.0,0,0.0,
2025-03-27 18:46:31,"Evening Workout",96h 10min,"Shoulder Press (Machine)",1,70.0,12.0,0,0.0,
2025-03-27 18:46:31,"Evening Workout",96h 10min,"Shoulder Press (Machine)",2,85.0,10.0,0,0.0,
2025-03-27 18:46:31,"Evening Workout",96h 10min,"Shoulder Press (Machine)",3,85.0,10.0,0,0.0,
2025-03-27 18:46:31,"Evening Workout",96h 10min,"Shoulder Press (Machine)",4,85.0,10.0,0,0.0,
2025-03-27 18:46:31,"Evening Workout",96h 10min,"Lateral Raise (Cable)",W,5.0,12.0,0,0.0,
2025-03-27 18:46:31,"Evening Workout",96h 10min,"Lateral Raise (Cable)",1,10.0,12.0,0,0.0,
2025-03-27 18:46:31,"Evening Workout",96h 10min,"Lateral Raise (Cable)",2,10.0,12.0,0,0.0,
2025-03-27 18:46:31,"Evening Workout",96h 10min,"Lateral Raise (Cable)",3,10.0,12.0,0,0.0,
2025-03-27 18:46:31,"Evening Workout",96h 10min,"Lateral Raise (Cable)",4,10.0,10.0,0,0.0,
2025-03-27 18:46:31,"Evening Workout",96h 10min,"Face Pull (Cable)",1,10.0,15.0,0,0.0,
2025-03-27 18:46:31,"Evening Workout",96h 10min,"Face Pull (Cable)",2,15.0,15.0,0,0.0,
2025-03-27 18:46:31,"Evening Workout",96h 10min,"Face Pull (Cable)",3,20.0,15.0,0,0.0,
2025-03-27 18:46:31,"Evening Workout",96h 10min,"Face Pull (Cable)",4,25.0,15.0,0,0.0,
2025-03-27 18:46:31,"Evening Workout",96h 10min,"Face Pull (Cable)",5,25.0,15.0,0,0.0,
2025-03-27 18:46:31,"Evening Workout",96h 10min,"Seated Lateral Raise",1,10.0,12.0,0,0.0,
2025-03-27 18:46:31,"Evening Workout",96h 10min,"Seated Lateral Raise",2,10.0,13.0,0,0.0,
2025-03-27 18:46:31,"Evening Workout",96h 10min,"Seated Lateral Raise",3,10.0,13.0,0,0.0,
2025-03-27 18:46:31,"Evening Workout",96h 10min,"Triceps Extension (Dumbbell)",1,55.0,12.0,0,0.0,
2025-03-27 18:46:31,"Evening Workout",96h 10min,"Triceps Extension (Dumbbell)",2,55.0,15.0,0,0.0,
2025-03-27 18:46:31,"Evening Workout",96h 10min,"Triceps Extension (Dumbbell)",3,55.0,15.0,0,0.0,
2025-03-27 18:46:31,"Evening Workout",96h 10min,"Bicep Curl (Dumbbell)",1,35.0,8.0,0,0.0,
2025-03-27 18:46:31,"Evening Workout",96h 10min,"Bicep Curl (Dumbbell)",2,35.0,10.0,0,0.0,
2025-03-27 18:46:31,"Evening Workout",96h 10min,"Bicep Curl (Dumbbell)",3,35.0,10.0,0,0.0,
2025-03-31 18:56:49,"Back",23h 46min,"Seated Row (Cable)",W,25.0,12.0,0,0.0,
2025-03-31 18:56:49,"Back",23h 46min,"Seated Row (Cable)",1,60.0,10.0,0,0.0,
2025-03-31 18:56:49,"Back",23h 46min,"Seated Row (Cable)",2,60.0,12.0,0,0.0,
2025-03-31 18:56:49,"Back",23h 46min,"Seated Row (Cable)",3,60.0,12.0,0,0.0,
2025-03-31 18:56:49,"Back",23h 46min,"Lat Pulldown (Cable)",W,25.0,12.0,0,0.0,
2025-03-31 18:56:49,"Back",23h 46min,"Lat Pulldown (Cable)",1,60.0,11.0,0,0.0,
2025-03-31 18:56:49,"Back",23h 46min,"Lat Pulldown (Cable)",2,60.0,8.0,0,0.0,
2025-03-31 18:56:49,"Back",23h 46min,"Lat Pulldown (Cable)",3,50.0,10.0,0,0.0,
2025-03-31 18:56:49,"Back",23h 46min,"T Bar Row",1,45.0,12.0,0,0.0,
2025-03-31 18:56:49,"Back",23h 46min,"T Bar Row",2,90.0,11.0,0,0.0,
2025-03-31 18:56:49,"Back",23h 46min,"T Bar Row",3,95.0,11.0,0,0.0,
2025-03-31 18:56:49,"Back",23h 46min,"Preacher Curl (Machine)",W,50.0,12.0,0,0.0,
2025-03-31 18:56:49,"Back",23h 46min,"Preacher Curl (Machine)",1,80.0,12.0,0,0.0,
2025-03-31 18:56:49,"Back",23h 46min,"Preacher Curl (Machine)",2,80.0,12.0,0,0.0,
2025-03-31 18:56:49,"Back",23h 46min,"Preacher Curl (Machine)",3,80.0,7.0,0,0.0,
2025-03-31 18:56:49,"Back",23h 46min,"Preacher Curl (Machine)",4,80.0,7.0,0,0.0,
2025-03-31 18:56:49,"Back",23h 46min,"Bicep Curl (Dumbbell)",1,35.0,7.0,0,0.0,
2025-03-31 18:56:49,"Back",23h 46min,"Bicep Curl (Dumbbell)",2,35.0,7.0,0,0.0,
2025-04-01 18:43:42,"Chest",71h 25min,"Chest Press (Machine)",1,40.0,12.0,0,0.0,
2025-04-01 18:43:42,"Chest",71h 25min,"Chest Press (Machine)",2,85.0,9.0,0,0.0,
2025-04-01 18:43:42,"Chest",71h 25min,"Chest Press (Machine)",3,85.0,9.0,0,0.0,
2025-04-01 18:43:42,"Chest",71h 25min,"Chest Press (Machine)",4,85.0,9.0,0,0.0,
2025-04-01 18:43:42,"Chest",71h 25min,"Incline Bench Press (Barbell)",W,95.0,8.0,0,0.0,
2025-04-01 18:43:42,"Chest",71h 25min,"Incline Bench Press (Barbell)",1,135.0,8.0,0,0.0,
2025-04-01 18:43:42,"Chest",71h 25min,"Incline Bench Press (Barbell)",2,145.0,8.0,0,0.0,
2025-04-01 18:43:42,"Chest",71h 25min,"Incline Bench Press (Barbell)",3,145.0,8.0,0,0.0,
2025-04-01 18:43:42,"Chest",71h 25min,"Incline Bench Press (Barbell)",4,145.0,8.0,0,0.0,
2025-04-01 18:43:42,"Chest",71h 25min,"Triceps Pushdown (Cable - Straight Bar)",1,20.0,12.0,0,0.0,
2025-04-01 18:43:42,"Chest",71h 25min,"Triceps Pushdown (Cable - Straight Bar)",2,45.0,15.0,0,0.0,
2025-04-01 18:43:42,"Chest",71h 25min,"Triceps Pushdown (Cable - Straight Bar)",3,45.0,15.0,0,0.0,
2025-04-01 18:43:42,"Chest",71h 25min,"Triceps Pushdown (Cable - Straight Bar)",4,45.0,15.0,0,0.0,
2025-04-01 18:43:42,"Chest",71h 25min,"Triceps Extension (Cable)",1,12.5,15.0,0,0.0,
2025-04-01 18:43:42,"Chest",71h 25min,"Triceps Extension (Cable)",2,12.5,15.0,0,0.0,
2025-04-01 18:43:42,"Chest",71h 25min,"Triceps Extension (Cable)",3,15.0,9.0,0,0.0,
2025-04-04 18:09:42,"Legs",1h 7min,"One Leg Lying Leg Curl Machine",W,30.0,12.0,0,0.0,
2025-04-04 18:09:42,"Legs",1h 7min,"One Leg Lying Leg Curl Machine",1,50.0,12.0,0,0.0,
2025-04-04 18:09:42,"Legs",1h 7min,"One Leg Lying Leg Curl Machine",2,50.0,13.0,0,0.0,
2025-04-04 18:09:42,"Legs",1h 7min,"One Leg Lying Leg Curl Machine",3,50.0,13.0,0,0.0,
2025-04-04 18:09:42,"Legs",1h 7min,"Single Leg Extension",W,50.0,12.0,0,0.0,
2025-04-04 18:09:42,"Legs",1h 7min,"Single Leg Extension",1,80.0,12.0,0,0.0,
2025-04-04 18:09:42,"Legs",1h 7min,"Single Leg Extension",2,80.0,12.0,0,0.0,
2025-04-04 18:09:42,"Legs",1h 7min,"Single Leg Extension",3,80.0,12.0,0,0.0,
2025-04-04 18:09:42,"Legs",1h 7min,"Standing Calf Raise (Machine)",1,170.0,15.0,0,0.0,
2025-04-04 18:09:42,"Legs",1h 7min,"Standing Calf Raise (Machine)",2,170.0,15.0,0,0.0,
2025-04-04 18:09:42,"Legs",1h 7min,"Standing Calf Raise (Machine)",3,170.0,153.0,0,0.0,
2025-04-04 18:09:42,"Legs",1h 7min,"Crunch (Machine)",1,35.0,16.0,0,0.0,
2025-04-04 18:09:42,"Legs",1h 7min,"Crunch (Machine)",2,45.0,15.0,0,0.0,
2025-04-04 18:09:42,"Legs",1h 7min,"Crunch (Machine)",3,55.0,15.0,0,0.0,
2025-04-04 18:09:42,"Legs",1h 7min,"Crunch (Machine)",4,55.0,15.0,0,0.0,
2025-04-04 18:09:42,"Legs",1h 7min,"Glute Drive",1,90.0,12.0,0,0.0,
2025-04-04 18:09:42,"Legs",1h 7min,"Glute Drive",2,90.0,12.0,0,0.0,
2025-04-04 18:09:42,"Legs",1h 7min,"Glute Drive",3,90.0,12.0,0,0.0,
2025-04-05 11:52:58,"Back",54h 42min,"Lat Pulldown (Cable)",W,25.0,12.0,0,0.0,
2025-04-05 11:52:58,"Back",54h 42min,"Lat Pulldown (Cable)",1,60.0,11.0,0,0.0,
2025-04-05 11:52:58,"Back",54h 42min,"Lat Pulldown (Cable)",2,60.0,8.0,0,0.0,
2025-04-05 11:52:58,"Back",54h 42min,"Lat Pulldown (Cable)",3,60.0,8.0,0,0.0,
2025-04-05 11:52:58,"Back",54h 42min,"Lat Pulldown (Cable)",4,50.0,8.0,0,0.0,
2025-04-05 11:52:58,"Back",54h 42min,"Seated Wide-Grip Row (Cable)",1,25.0,10.0,0,0.0,
2025-04-05 11:52:58,"Back",54h 42min,"Seated Wide-Grip Row (Cable)",2,50.0,10.0,0,0.0,
2025-04-05 11:52:58,"Back",54h 42min,"Seated Wide-Grip Row (Cable)",3,60.0,10.0,0,0.0,
2025-04-05 11:52:58,"Back",54h 42min,"Seated Wide-Grip Row (Cable)",4,60.0,10.0,0,0.0,
2025-04-07 18:35:21,"Chest",23h 47min,"Bench Press (Barbell)",W,135.0,8.0,0,0.0,
2025-04-07 18:35:21,"Chest",23h 47min,"Bench Press (Barbell)",1,155.0,8.0,0,0.0,
2025-04-07 18:35:21,"Chest",23h 47min,"Bench Press (Barbell)",2,155.0,8.0,0,0.0,
2025-04-07 18:35:21,"Chest",23h 47min,"Bench Press (Barbell)",3,155.0,8.0,0,0.0,
2025-04-07 18:35:21,"Chest",23h 47min,"Incline Bench Press (Dumbbell)",1,30.0,12.0,0,0.0,
2025-04-07 18:35:21,"Chest",23h 47min,"Incline Bench Press (Dumbbell)",2,60.0,10.0,0,0.0,
2025-04-07 18:35:21,"Chest",23h 47min,"Incline Bench Press (Dumbbell)",3,60.0,10.0,0,0.0,
2025-04-07 18:35:21,"Chest",23h 47min,"Incline Bench Press (Dumbbell)",4,60.0,9.0,0,0.0,
2025-04-07 18:35:21,"Chest",23h 47min,"Incline Bench Press (Dumbbell)",5,60.0,8.0,0,0.0,
2025-04-07 18:35:21,"Chest",23h 47min,"Triceps Pushdown (Cable - Straight Bar)",1,20.0,12.0,0,0.0,
2025-04-07 18:35:21,"Chest",23h 47min,"Triceps Pushdown (Cable - Straight Bar)",2,45.0,15.0,0,0.0,
2025-04-07 18:35:21,"Chest",23h 47min,"Triceps Pushdown (Cable - Straight Bar)",3,45.0,15.0,0,0.0,
2025-04-07 18:35:21,"Chest",23h 47min,"Triceps Pushdown (Cable - Straight Bar)",4,45.0,15.0,0,0.0,
2025-04-07 18:35:21,"Chest",23h 47min,"Triceps Pushdown (Cable - Straight Bar)",5,45.0,12.0,0,0.0,
2025-04-08 18:23:09,"Back",24h 52min,"Lat Pulldown (Cable)",W,25.0,12.0,0,0.0,
2025-04-08 18:23:09,"Back",24h 52min,"Lat Pulldown (Cable)",1,50.0,12.0,0,0.0,
2025-04-08 18:23:09,"Back",24h 52min,"Lat Pulldown (Cable)",2,60.0,12.0,0,0.0,
2025-04-08 18:23:09,"Back",24h 52min,"Lat Pulldown (Cable)",3,60.0,12.0,0,0.0,
2025-04-08 18:23:09,"Back",24h 52min,"Lat Pulldown (Cable)",4,60.0,9.0,0,0.0,
2025-04-08 18:23:09,"Back",24h 52min,"Seated Wide-Grip Row (Cable)",1,25.0,10.0,0,0.0,
2025-04-08 18:23:09,"Back",24h 52min,"Seated Wide-Grip Row (Cable)",2,60.0,10.0,0,0.0,
2025-04-08 18:23:09,"Back",24h 52min,"Seated Wide-Grip Row (Cable)",3,60.0,10.0,0,0.0,
2025-04-08 18:23:09,"Back",24h 52min,"Seated Wide-Grip Row (Cable)",4,60.0,10.0,0,0.0,
2025-04-08 18:23:09,"Back",24h 52min,"Bent Over Row (Barbell)",1,115.0,12.0,0,0.0,
2025-04-08 18:23:09,"Back",24h 52min,"Bent Over Row (Barbell)",2,115.0,12.0,0,0.0,
2025-04-08 18:23:09,"Back",24h 52min,"Bent Over Row (Barbell)",3,115.0,12.0,0,0.0,
2025-04-08 18:23:09,"Back",24h 52min,"Romanian Deadlift (Barbell)",1,65.0,10.0,0,0.0,
2025-04-08 18:23:09,"Back",24h 52min,"Romanian Deadlift (Barbell)",2,75.0,10.0,0,0.0,
2025-04-08 18:23:09,"Back",24h 52min,"Romanian Deadlift (Barbell)",3,95.0,10.0,0,0.0,
2025-04-08 18:23:09,"Back",24h 52min,"Romanian Deadlift (Barbell)",4,95.0,10.0,0,0.0,
2025-04-09 19:15:46,"Evening Workout",23h 5min,"Shoulder Press (Machine)",W,50.0,12.0,0,0.0,
2025-04-09 19:15:46,"Evening Workout",23h 5min,"Shoulder Press (Machine)",1,85.0,12.0,0,0.0,
2025-04-09 19:15:46,"Evening Workout",23h 5min,"Shoulder Press (Machine)",2,85.0,12.0,0,0.0,
2025-04-09 19:15:46,"Evening Workout",23h 5min,"Shoulder Press (Machine)",3,85.0,12.0,0,0.0,
2025-04-09 19:15:46,"Evening Workout",23h 5min,"Lateral Raise (Cable)",1,5.0,12.0,0,0.0,
2025-04-09 19:15:46,"Evening Workout",23h 5min,"Lateral Raise (Cable)",2,10.0,13.0,0,0.0,
2025-04-09 19:15:46,"Evening Workout",23h 5min,"Lateral Raise (Cable)",3,10.0,13.0,0,0.0,
2025-04-09 19:15:46,"Evening Workout",23h 5min,"Lateral Raise (Cable)",4,10.0,13.0,0,0.0,
2025-04-09 19:15:46,"Evening Workout",23h 5min,"Face Pull (Cable)",W,10.0,15.0,0,0.0,
2025-04-09 19:15:46,"Evening Workout",23h 5min,"Face Pull (Cable)",1,20.0,15.0,0,0.0,
2025-04-09 19:15:46,"Evening Workout",23h 5min,"Face Pull (Cable)",2,25.0,15.0,0,0.0,
2025-04-09 19:15:46,"Evening Workout",23h 5min,"Face Pull (Cable)",3,25.0,15.0,0,0.0,
2025-04-09 19:15:46,"Evening Workout",23h 5min,"Face Pull (Cable)",4,25.0,15.0,0,0.0,
2025-04-09 19:15:46,"Evening Workout",23h 5min,"Triceps Pushdown (Cable - Straight Bar)",W,20.0,12.0,0,0.0,
2025-04-09 19:15:46,"Evening Workout",23h 5min,"Triceps Pushdown (Cable - Straight Bar)",1,50.0,15.0,0,0.0,
2025-04-09 19:15:46,"Evening Workout",23h 5min,"Triceps Pushdown (Cable - Straight Bar)",2,50.0,13.0,0,0.0,
2025-04-09 19:15:46,"Evening Workout",23h 5min,"Triceps Pushdown (Cable - Straight Bar)",3,50.0,13.0,0,0.0,
2025-04-09 19:15:46,"Evening Workout",23h 5min,"Triceps Extension (Cable)",1,15.0,15.0,0,0.0,
2025-04-09 19:15:46,"Evening Workout",23h 5min,"Triceps Extension (Cable)",2,15.0,15.0,0,0.0,
2025-04-09 19:15:46,"Evening Workout",23h 5min,"Triceps Extension (Cable)",3,20.0,10.0,0,0.0,
2025-04-09 19:15:46,"Evening Workout",23h 5min,"Triceps Extension (Cable)",4,20.0,10.0,0,0.0,
2025-04-09 19:15:46,"Evening Workout",23h 5min,"Bicep Curl (Machine)",1,50.0,13.0,0,0.0,
2025-04-09 19:15:46,"Evening Workout",23h 5min,"Bicep Curl (Machine)",2,55.0,12.0,0,0.0,
2025-04-09 19:15:46,"Evening Workout",23h 5min,"Bicep Curl (Machine)",3,60.0,11.0,0,0.0,
2025-04-10 18:21:51,"Legs",42h 17min,"Hack Squat",1,90.0,10.0,0,0.0,
2025-04-10 18:21:51,"Legs",42h 17min,"Hack Squat",2,180.0,8.0,0,0.0,
2025-04-10 18:21:51,"Legs",42h 17min,"Hack Squat",3,250.0,8.0,0,0.0,
2025-04-10 18:21:51,"Legs",42h 17min,"Hack Squat",4,280.0,8.0,0,0.0,
2025-04-10 18:21:51,"Legs",42h 17min,"Hack Squat",5,280.0,8.0,0,0.0,
2025-04-10 18:21:51,"Legs",42h 17min,"Single Leg Extension",W,50.0,12.0,0,0.0,
2025-04-10 18:21:51,"Legs",42h 17min,"Single Leg Extension",1,85.0,10.0,0,0.0,
2025-04-10 18:21:51,"Legs",42h 17min,"Single Leg Extension",2,85.0,11.0,0,0.0,
2025-04-10 18:21:51,"Legs",42h 17min,"Single Leg Extension",3,85.0,10.0,0,0.0,
2025-04-10 18:21:51,"Legs",42h 17min,"Single Leg Extension",4,90.0,5.0,0,0.0,
2025-04-10 18:21:51,"Legs",42h 17min,"One Leg Lying Leg Curl Machine",1,50.0,12.0,0,0.0,
2025-04-10 18:21:51,"Legs",42h 17min,"One Leg Lying Leg Curl Machine",2,60.0,12.0,0,0.0,
2025-04-10 18:21:51,"Legs",42h 17min,"One Leg Lying Leg Curl Machine",3,60.0,12.0,0,0.0,
2025-04-10 18:21:51,"Legs",42h 17min,"Standing Calf Raise (Machine)",1,190.0,15.0,0,0.0,
2025-04-10 18:21:51,"Legs",42h 17min,"Standing Calf Raise (Machine)",2,190.0,15.0,0,0.0,
2025-04-10 18:21:51,"Legs",42h 17min,"Standing Calf Raise (Machine)",3,190.0,15.0,0,0.0,
2025-04-10 18:21:51,"Legs",42h 17min,"Glute Drive",1,90.0,12.0,0,0.0,
2025-04-10 18:21:51,"Legs",42h 17min,"Glute Drive",2,100.0,12.0,0,0.0,
2025-04-10 18:21:51,"Legs",42h 17min,"Glute Drive",3,100.0,12.0,0,0.0,
2025-04-10 18:21:51,"Legs",42h 17min,"Crunch (Machine)",1,55.0,15.0,0,0.0,
2025-04-10 18:21:51,"Legs",42h 17min,"Crunch (Machine)",2,55.0,16.0,0,0.0,
2025-04-10 18:21:51,"Legs",42h 17min,"Crunch (Machine)",3,55.0,16.0,0,0.0,
2025-04-10 18:21:51,"Legs",42h 17min,"Romanian Deadlift (Dumbbell)",1,30.0,12.0,0,0.0,
2025-04-10 18:21:51,"Legs",42h 17min,"Romanian Deadlift (Dumbbell)",2,30.0,12.0,0,0.0,
2025-04-10 18:21:51,"Legs",42h 17min,"Romanian Deadlift (Dumbbell)",3,30.0,12.0,0,0.0,
2025-04-12 12:39:47,"Back",78h 18min,"Seated Wide-Grip Row (Cable)",1,25.0,10.0,0,0.0,
2025-04-12 12:39:47,"Back",78h 18min,"Seated Wide-Grip Row (Cable)",2,60.0,12.0,0,0.0,
2025-04-12 12:39:47,"Back",78h 18min,"Seated Wide-Grip Row (Cable)",3,70.0,10.0,0,0.0,
2025-04-12 12:39:47,"Back",78h 18min,"Seated Wide-Grip Row (Cable)",4,70.0,8.0,0,0.0,
2025-04-12 12:39:47,"Back",78h 18min,"Seated Wide-Grip Row (Cable)",5,70.0,8.0,0,0.0,
2025-04-12 12:39:47,"Back",78h 18min,"Seated Row (Cable)",W,25.0,12.0,0,0.0,
2025-04-12 12:39:47,"Back",78h 18min,"Seated Row (Cable)",1,60.0,12.0,0,0.0,
2025-04-12 12:39:47,"Back",78h 18min,"Seated Row (Cable)",2,65.0,10.0,0,0.0,
2025-04-12 12:39:47,"Back",78h 18min,"Seated Row (Cable)",3,65.0,10.0,0,0.0,
2025-04-12 12:39:47,"Back",78h 18min,"Seated Row (Cable)",4,65.0,10.0,0,0.0,
2025-04-12 12:39:47,"Back",78h 18min,"Bent Over Row (Barbell)",1,95.0,12.0,0,0.0,
2025-04-12 12:39:47,"Back",78h 18min,"Bent Over Row (Barbell)",2,115.0,10.0,0,0.0,
2025-04-12 12:39:47,"Back",78h 18min,"Bent Over Row (Barbell)",3,115.0,11.0,0,0.0,
2025-04-12 12:39:47,"Back",78h 18min,"Bicep Curl (Dumbbell)",1,35.0,10.0,0,0.0,
2025-04-12 12:39:47,"Back",78h 18min,"Bicep Curl (Dumbbell)",2,35.0,8.0,0,0.0,
2025-04-12 12:39:47,"Back",78h 18min,"Bicep Curl (Dumbbell)",3,35.0,8.0,0,0.0,
2025-04-15 18:58:40,"Chest",57min,"Chest Press (Machine)",1,40.0,12.0,0,0.0,
2025-04-15 18:58:40,"Chest",57min,"Chest Press (Machine)",2,85.0,9.0,0,0.0,
2025-04-15 18:58:40,"Chest",57min,"Chest Press (Machine)",3,85.0,10.0,0,0.0,
2025-04-15 18:58:40,"Chest",57min,"Chest Press (Machine)",4,85.0,9.0,0,0.0,
2025-04-15 18:58:40,"Chest",57min,"Incline Bench Press (Dumbbell)",1,30.0,12.0,0,0.0,
2025-04-15 18:58:40,"Chest",57min,"Incline Bench Press (Dumbbell)",2,65.0,10.0,0,0.0,
2025-04-15 18:58:40,"Chest",57min,"Incline Bench Press (Dumbbell)",3,65.0,10.0,0,0.0,
2025-04-15 18:58:40,"Chest",57min,"Incline Bench Press (Dumbbell)",4,65.0,10.0,0,0.0,
2025-04-15 18:58:40,"Chest",57min,"Bench Press (Barbell)",W,135.0,8.0,0,0.0,
2025-04-15 18:58:40,"Chest",57min,"Bench Press (Barbell)",1,155.0,8.0,0,0.0,
2025-04-15 18:58:40,"Chest",57min,"Bench Press (Barbell)",2,165.0,8.0,0,0.0,
2025-04-15 18:58:40,"Chest",57min,"Bench Press (Barbell)",3,165.0,8.0,0,0.0,
2025-04-15 18:58:40,"Chest",57min,"Triceps Extension (Machine)",1,30.0,12.0,0,0.0,
2025-04-15 18:58:40,"Chest",57min,"Triceps Extension (Machine)",2,40.0,12.0,0,0.0,
2025-04-15 18:58:40,"Chest",57min,"Triceps Extension (Machine)",3,40.0,12.0,0,0.0,
2025-04-15 18:58:40,"Chest",57min,"Triceps Pushdown (Cable - Straight Bar)",1,40.0,15.0,0,0.0,
2025-04-15 18:58:40,"Chest",57min,"Triceps Pushdown (Cable - Straight Bar)",2,50.0,12.0,0,0.0,
2025-04-15 18:58:40,"Chest",57min,"Triceps Pushdown (Cable - Straight Bar)",3,50.0,12.0,0,0.0,
2025-04-23 18:44:03,"Chest",23h 7min,"Chest Press (Machine)",1,40.0,12.0,0,0.0,
2025-04-23 18:44:03,"Chest",23h 7min,"Chest Press (Machine)",2,85.0,8.0,0,0.0,
2025-04-23 18:44:03,"Chest",23h 7min,"Chest Press (Machine)",3,85.0,8.0,0,0.0,
2025-04-23 18:44:03,"Chest",23h 7min,"Chest Press (Machine)",4,85.0,8.0,0,0.0,
2025-04-23 18:44:03,"Chest",23h 7min,"Bench Press (Barbell)",W,135.0,8.0,0,0.0,
2025-04-23 18:44:03,"Chest",23h 7min,"Bench Press (Barbell)",1,155.0,8.0,0,0.0,
2025-04-23 18:44:03,"Chest",23h 7min,"Bench Press (Barbell)",2,155.0,8.0,0,0.0,
2025-04-23 18:44:03,"Chest",23h 7min,"Bench Press (Barbell)",3,155.0,10.0,0,0.0,
2025-04-23 18:44:03,"Chest",23h 7min,"Incline Chest Press (Machine)",1,45.0,12.0,0,0.0,
2025-04-23 18:44:03,"Chest",23h 7min,"Incline Chest Press (Machine)",2,120.0,10.0,0,0.0,
2025-04-23 18:44:03,"Chest",23h 7min,"Incline Chest Press (Machine)",3,120.0,10.0,0,0.0,
2025-04-23 18:44:03,"Chest",23h 7min,"Incline Chest Press (Machine)",4,120.0,10.0,0,0.0,
2025-04-23 18:44:03,"Chest",23h 7min,"One Leg Lying Leg Curl Machine",1,40.0,12.0,0,0.0,
2025-04-23 18:44:03,"Chest",23h 7min,"One Leg Lying Leg Curl Machine",2,50.0,12.0,0,0.0,
2025-04-23 18:44:03,"Chest",23h 7min,"One Leg Lying Leg Curl Machine",3,50.0,12.0,0,0.0,
2025-04-23 18:44:03,"Chest",23h 7min,"Romanian Deadlift (Dumbbell)",1,30.0,12.0,0,0.0,
2025-04-23 18:44:03,"Chest",23h 7min,"Romanian Deadlift (Dumbbell)",2,30.0,12.0,0,0.0,
2025-04-23 18:44:03,"Chest",23h 7min,"Romanian Deadlift (Dumbbell)",3,30.0,12.0,0,0.0,
2025-04-24 17:52:09,"Back",55min,"Lat Pulldown (Cable)",1,25.0,12.0,0,0.0,
2025-04-24 17:52:09,"Back",55min,"Lat Pulldown (Cable)",2,60.0,8.0,0,0.0,
2025-04-24 17:52:09,"Back",55min,"Lat Pulldown (Cable)",3,60.0,8.0,0,0.0,
2025-04-24 17:52:09,"Back",55min,"Lat Pulldown (Cable)",4,60.0,8.0,0,0.0,
2025-04-24 17:52:09,"Back",55min,"Seated Row (Cable)",W,25.0,12.0,0,0.0,
2025-04-24 17:52:09,"Back",55min,"Seated Row (Cable)",1,50.0,12.0,0,0.0,
2025-04-24 17:52:09,"Back",55min,"Seated Row (Cable)",2,60.0,12.0,0,0.0,
2025-04-24 17:52:09,"Back",55min,"Seated Row (Cable)",3,60.0,12.0,0,0.0,
2025-04-24 17:52:09,"Back",55min,"Seated Row (Cable)",4,70.0,6.0,0,0.0,
2025-04-24 17:52:09,"Back",55min,"Seated Wide-Grip Row (Cable)",1,25.0,10.0,0,0.0,
2025-04-24 17:52:09,"Back",55min,"Seated Wide-Grip Row (Cable)",2,40.0,12.0,0,0.0,
2025-04-24 17:52:09,"Back",55min,"Seated Wide-Grip Row (Cable)",3,70.0,6.0,0,0.0,
2025-04-24 17:52:09,"Back",55min,"Seated Wide-Grip Row (Cable)",4,60.0,10.0,0,0.0,
2025-04-24 17:52:09,"Back",55min,"Seated Wide-Grip Row (Cable)",5,60.0,10.0,0,0.0,
2025-04-24 17:52:09,"Back",55min,"Bicep Curl (Dumbbell)",1,30.0,12.0,0,0.0,
2025-04-24 17:52:09,"Back",55min,"Bicep Curl (Dumbbell)",2,30.0,12.0,0,0.0,
2025-04-28 18:16:25,"Chest",215h 34min,"Incline Bench Press (Dumbbell)",1,30.0,12.0,0,0.0,
2025-04-28 18:16:25,"Chest",215h 34min,"Incline Bench Press (Dumbbell)",2,70.0,8.0,0,0.0,
2025-04-28 18:16:25,"Chest",215h 34min,"Incline Bench Press (Dumbbell)",3,70.0,8.0,0,0.0,
2025-04-28 18:16:25,"Chest",215h 34min,"Incline Bench Press (Dumbbell)",4,70.0,9.0,0,0.0,
2025-04-28 18:16:25,"Chest",215h 34min,"Romanian Deadlift (Dumbbell)",1,25.0,12.0,0,0.0,
2025-04-28 18:16:25,"Chest",215h 34min,"Romanian Deadlift (Dumbbell)",2,40.0,10.0,0,0.0,
2025-04-28 18:16:25,"Chest",215h 34min,"Romanian Deadlift (Dumbbell)",3,40.0,10.0,0,0.0,
2025-04-28 18:16:25,"Chest",215h 34min,"Chest Press (Machine)",1,40.0,12.0,0,0.0,
2025-04-28 18:16:25,"Chest",215h 34min,"Chest Press (Machine)",2,80.0,10.0,0,0.0,
2025-04-28 18:16:25,"Chest",215h 34min,"Chest Press (Machine)",3,80.0,10.0,0,0.0,
2025-04-28 18:16:25,"Chest",215h 34min,"Triceps Pushdown (Cable - Straight Bar)",1,42.5,15.0,0,0.0,
2025-04-28 18:16:25,"Chest",215h 34min,"Triceps Pushdown (Cable - Straight Bar)",2,50.0,12.0,0,0.0,
2025-04-28 18:16:25,"Chest",215h 34min,"Triceps Pushdown (Cable - Straight Bar)",3,50.0,12.0,0,0.0,
2025-04-28 18:16:25,"Chest",215h 34min,"Triceps Extension (Cable)",1,15.0,15.0,0,0.0,
2025-04-28 18:16:25,"Chest",215h 34min,"Triceps Extension (Cable)",2,20.0,8.0,0,0.0,
2025-04-28 18:16:25,"Chest",215h 34min,"Triceps Extension (Cable)",3,20.0,8.0,0,0.0,
2025-04-28 18:16:25,"Chest",215h 34min,"Chest Fly",1,90.0,12.0,0,0.0,
2025-04-28 18:16:25,"Chest",215h 34min,"Chest Fly",2,140.0,12.0,0,0.0,
2025-04-28 18:16:25,"Chest",215h 34min,"Chest Fly",3,145.0,10.0,0,0.0,
2025-05-07 17:54:30,"Chest",47min,"Chest Press (Machine)",1,40.0,12.0,0,0.0,
2025-05-07 17:54:30,"Chest",47min,"Chest Press (Machine)",2,80.0,10.0,0,0.0,
2025-05-07 17:54:30,"Chest",47min,"Chest Press (Machine)",3,80.0,10.0,0,0.0,
2025-05-07 17:54:30,"Chest",47min,"Chest Press (Machine)",4,80.0,10.0,0,0.0,
2025-05-07 17:54:30,"Chest",47min,"Lat Pulldown (Cable)",1,25.0,12.0,0,0.0,
2025-05-07 17:54:30,"Chest",47min,"Lat Pulldown (Cable)",2,60.0,10.0,0,0.0,
2025-05-07 17:54:30,"Chest",47min,"Lat Pulldown (Cable)",3,60.0,10.0,0,0.0,
2025-05-07 17:54:30,"Chest",47min,"Lat Pulldown (Cable)",4,60.0,10.0,0,0.0,
2025-05-07 17:54:30,"Chest",47min,"Bent Over Row (Barbell)",1,115.0,10.0,0,0.0,
2025-05-07 17:54:30,"Chest",47min,"Bent Over Row (Barbell)",2,115.0,11.0,0,0.0,
2025-05-07 17:54:30,"Chest",47min,"Bent Over Row (Barbell)",3,115.0,11.0,0,0.0,
2025-05-07 17:54:30,"Chest",47min,"Incline Bench Press (Dumbbell)",1,30.0,12.0,0,0.0,
2025-05-07 17:54:30,"Chest",47min,"Incline Bench Press (Dumbbell)",2,70.0,8.0,0,0.0,
2025-05-07 17:54:30,"Chest",47min,"Incline Bench Press (Dumbbell)",3,70.0,8.0,0,0.0,
2025-05-07 17:54:30,"Chest",47min,"Incline Bench Press (Dumbbell)",4,70.0,9.0,0,0.0,
2025-05-07 17:54:30,"Chest",47min,"Romanian Deadlift (Dumbbell)",1,40.0,10.0,0,0.0,
2025-05-07 17:54:30,"Chest",47min,"Romanian Deadlift (Dumbbell)",2,40.0,10.0,0,0.0,
2025-05-07 17:54:30,"Chest",47min,"Romanian Deadlift (Dumbbell)",3,40.0,10.0,0,0.0,
2025-05-14 17:54:55,"Chest",144h 41min,"Chest Press (Machine)",1,40.0,12.0,0,0.0,
2025-05-14 17:54:55,"Chest",144h 41min,"Chest Press (Machine)",2,80.0,10.0,0,0.0,
2025-05-14 17:54:55,"Chest",144h 41min,"Chest Press (Machine)",3,80.0,10.0,0,0.0,
2025-05-14 17:54:55,"Chest",144h 41min,"Chest Press (Machine)",4,80.0,10.0,0,0.0,
2025-05-14 17:54:55,"Chest",144h 41min,"Incline Bench Press (Dumbbell)",1,30.0,12.0,0,0.0,
2025-05-14 17:54:55,"Chest",144h 41min,"Incline Bench Press (Dumbbell)",2,70.0,8.0,0,0.0,
2025-05-14 17:54:55,"Chest",144h 41min,"Incline Bench Press (Dumbbell)",3,70.0,8.0,0,0.0,
2025-05-14 17:54:55,"Chest",144h 41min,"Incline Bench Press (Dumbbell)",4,70.0,8.0,0,0.0,
2025-05-14 17:54:55,"Chest",144h 41min,"Romanian Deadlift (Dumbbell)",1,45.0,10.0,0,0.0,
2025-05-14 17:54:55,"Chest",144h 41min,"Romanian Deadlift (Dumbbell)",2,45.0,12.0,0,0.0,
2025-05-14 17:54:55,"Chest",144h 41min,"Romanian Deadlift (Dumbbell)",3,45.0,12.0,0,0.0,
2025-05-14 17:54:55,"Chest",144h 41min,"Incline Bench Press (Barbell)",W,95.0,8.0,0,0.0,
2025-05-14 17:54:55,"Chest",144h 41min,"Incline Bench Press (Barbell)",1,135.0,8.0,0,0.0,
2025-05-14 17:54:55,"Chest",144h 41min,"Incline Bench Press (Barbell)",2,155.0,8.0,0,0.0,
2025-05-14 17:54:55,"Chest",144h 41min,"Incline Bench Press (Barbell)",3,155.0,8.0,0,0.0,
2025-05-14 17:54:55,"Chest",144h 41min,"Triceps Pushdown (Cable - Straight Bar)",1,45.0,15.0,0,0.0,
2025-05-14 17:54:55,"Chest",144h 41min,"Triceps Pushdown (Cable - Straight Bar)",2,45.0,12.0,0,0.0,
2025-05-14 17:54:55,"Chest",144h 41min,"Triceps Pushdown (Cable - Straight Bar)",3,45.0,12.0,0,0.0,
2025-05-14 17:54:55,"Chest",144h 41min,"Triceps Extension (Cable)",1,15.0,15.0,0,0.0,
2025-05-20 18:36:17,"Back",143h 23min,"Lat Pulldown (Cable)",1,25.0,12.0,0,0.0,
2025-05-20 18:36:17,"Back",143h 23min,"Lat Pulldown (Cable)",2,60.0,10.0,0,0.0,
2025-05-20 18:36:17,"Back",143h 23min,"Lat Pulldown (Cable)",3,60.0,10.0,0,0.0,
2025-05-20 18:36:17,"Back",143h 23min,"Seated Row (Cable)",W,25.0,12.0,0,0.0,
2025-05-20 18:36:17,"Back",143h 23min,"Seated Row (Cable)",1,60.0,12.0,0,0.0,
2025-05-20 18:36:17,"Back",143h 23min,"Seated Row (Cable)",2,60.0,12.0,0,0.0,
2025-05-20 18:36:17,"Back",143h 23min,"Seated Row (Cable)",3,60.0,12.0,0,0.0,
2025-05-20 18:36:17,"Back",143h 23min,"Bent Over Row (Barbell)",1,95.0,12.0,0,0.0,
2025-05-20 18:36:17,"Back",143h 23min,"Bent Over Row (Barbell)",2,115.0,12.0,0,0.0,
2025-05-20 18:36:17,"Back",143h 23min,"Bent Over Row (Barbell)",3,125.0,12.0,0,0.0,
2025-05-20 18:36:17,"Back",143h 23min,"Bent Over Row (Barbell)",4,125.0,12.0,0,0.0,
2025-05-20 18:36:17,"Back",143h 23min,"Romanian Deadlift (Barbell)",1,95.0,10.0,0,0.0,
2025-05-26 18:00:28,"Back",119h 10min,"Lat Pulldown (Cable)",1,25.0,12.0,0,0.0,
2025-05-26 18:00:28,"Back",119h 10min,"Lat Pulldown (Cable)",2,55.0,10.0,0,0.0,
2025-05-26 18:00:28,"Back",119h 10min,"Lat Pulldown (Cable)",3,60.0,10.0,0,0.0,
2025-05-26 18:00:28,"Back",119h 10min,"Lat Pulldown (Cable)",4,60.0,10.0,0,0.0,
2025-05-26 18:00:28,"Back",119h 10min,"Seated Row (Cable)",W,25.0,12.0,0,0.0,
2025-05-26 18:00:28,"Back",119h 10min,"Seated Row (Cable)",1,50.0,12.0,0,0.0,
2025-05-26 18:00:28,"Back",119h 10min,"Seated Row (Cable)",2,60.0,12.0,0,0.0,
2025-05-26 18:00:28,"Back",119h 10min,"Seated Row (Cable)",3,60.0,12.0,0,0.0,
2025-05-26 18:00:28,"Back",119h 10min,"Bent Over Row (Barbell)",1,115.0,12.0,0,0.0,
2025-05-26 18:00:28,"Back",119h 10min,"Bent Over Row (Barbell)",2,125.0,12.0,0,0.0,
2025-05-26 18:00:28,"Back",119h 10min,"Bent Over Row (Barbell)",3,125.0,12.0,0,0.0,
2025-05-26 18:00:28,"Back",119h 10min,"Romanian Deadlift (Barbell)",1,105.0,12.0,0,0.0,
2025-05-26 18:00:28,"Back",119h 10min,"Romanian Deadlift (Barbell)",2,105.0,12.0,0,0.0,
2025-05-26 18:00:28,"Back",119h 10min,"Romanian Deadlift (Barbell)",3,105.0,12.0,0,0.0,
2025-05-31 17:34:41,"Chest",5h 44min,"Chest Press (Machine)",W,40.0,12.0,0,0.0,
2025-05-31 17:34:41,"Chest",5h 44min,"Chest Press (Machine)",1,80.0,10.0,0,0.0,
2025-05-31 17:34:41,"Chest",5h 44min,"Chest Press (Machine)",2,80.0,10.0,0,0.0,
2025-05-31 17:34:41,"Chest",5h 44min,"Chest Press (Machine)",3,80.0,10.0,0,0.0,
2025-05-31 17:34:41,"Chest",5h 44min,"Incline Bench Press (Dumbbell)",1,30.0,12.0,0,0.0,
2025-05-31 17:34:41,"Chest",5h 44min,"Incline Bench Press (Dumbbell)",2,70.0,8.0,0,0.0,
2025-05-31 17:34:41,"Chest",5h 44min,"Incline Bench Press (Dumbbell)",3,70.0,9.0,0,0.0,
2025-05-31 17:34:41,"Chest",5h 44min,"Incline Bench Press (Dumbbell)",4,70.0,9.0,0,0.0,
2025-05-31 17:34:41,"Chest",5h 44min,"Bench Press (Barbell)",W,135.0,10.0,0,0.0,
2025-05-31 17:34:41,"Chest",5h 44min,"Bench Press (Barbell)",1,135.0,9.0,0,0.0,
2025-05-31 17:34:41,"Chest",5h 44min,"Bench Press (Barbell)",2,135.0,8.0,0,0.0,
2025-05-31 17:34:41,"Chest",5h 44min,"Romanian Deadlift (Barbell)",1,105.0,12.0,0,0.0,
2025-05-31 17:34:41,"Chest",5h 44min,"Romanian Deadlift (Barbell)",2,105.0,12.0,0,0.0,
2025-05-31 17:34:41,"Chest",5h 44min,"Romanian Deadlift (Barbell)",3,105.0,12.0,0,0.0,
2025-05-31 17:34:41,"Chest",5h 44min,"Triceps Pushdown (Cable - Straight Bar)",1,45.0,15.0,0,0.0,
2025-05-31 17:34:41,"Chest",5h 44min,"Triceps Pushdown (Cable - Straight Bar)",2,45.0,12.0,0,0.0,
2025-05-31 17:34:41,"Chest",5h 44min,"Triceps Pushdown (Cable - Straight Bar)",3,45.0,12.0,0,0.0,
2025-06-03 18:58:32,"Back",143h 6min,"Lat Pulldown (Cable)",1,25.0,12.0,0,0.0,
2025-06-03 18:58:32,"Back",143h 6min,"Lat Pulldown (Cable)",2,60.0,10.0,0,0.0,
2025-06-03 18:58:32,"Back",143h 6min,"Lat Pulldown (Cable)",3,60.0,10.0,0,0.0,
2025-06-03 18:58:32,"Back",143h 6min,"Lat Pulldown (Cable)",4,60.0,10.0,0,0.0,
2025-06-03 18:58:32,"Back",143h 6min,"Seated Row (Cable)",W,25.0,12.0,0,0.0,
2025-06-03 18:58:32,"Back",143h 6min,"Seated Row (Cable)",1,60.0,12.0,0,0.0,
2025-06-03 18:58:32,"Back",143h 6min,"Seated Row (Cable)",2,60.0,12.0,0,0.0,
2025-06-03 18:58:32,"Back",143h 6min,"Seated Row (Cable)",3,60.0,12.0,0,0.0,
2025-06-03 18:58:32,"Back",143h 6min,"Bent Over Row (Barbell)",1,115.0,12.0,0,0.0,
2025-06-03 18:58:32,"Back",143h 6min,"Bent Over Row (Barbell)",2,125.0,12.0,0,0.0,
2025-06-03 18:58:32,"Back",143h 6min,"Bent Over Row (Barbell)",3,125.0,12.0,0,0.0,
2025-06-03 18:58:32,"Back",143h 6min,"Romanian Deadlift (Barbell)",1,105.0,12.0,0,0.0,
2025-06-03 18:58:32,"Back",143h 6min,"Romanian Deadlift (Barbell)",2,105.0,12.0,0,0.0,
2025-06-03 18:58:32,"Back",143h 6min,"Romanian Deadlift (Barbell)",3,105.0,12.0,0,0.0,
2025-06-09 18:05:39,"Chest",25h 3min,"Romanian Deadlift (Dumbbell)",1,45.0,12.0,0,0.0,
2025-06-09 18:05:39,"Chest",25h 3min,"Romanian Deadlift (Dumbbell)",2,45.0,12.0,0,0.0,
2025-06-09 18:05:39,"Chest",25h 3min,"Romanian Deadlift (Dumbbell)",3,45.0,12.0,0,0.0,
2025-06-09 18:05:39,"Chest",25h 3min,"Bench Press (Dumbbell)",1,45.0,12.0,0,0.0,
2025-06-09 18:05:39,"Chest",25h 3min,"Bench Press (Dumbbell)",2,60.0,12.0,0,0.0,
2025-06-09 18:05:39,"Chest",25h 3min,"Bench Press (Dumbbell)",3,70.0,10.0,0,0.0,
2025-06-09 18:05:39,"Chest",25h 3min,"Bench Press (Dumbbell)",4,70.0,10.0,0,0.0,
2025-06-09 18:05:39,"Chest",25h 3min,"Incline Bench Press (Cable)",1,95.0,12.0,0,0.0,
2025-06-09 18:05:39,"Chest",25h 3min,"Incline Bench Press (Cable)",2,120.0,10.0,0,0.0,
2025-06-09 18:05:39,"Chest",25h 3min,"Incline Bench Press (Cable)",3,120.0,10.0,0,0.0,
2025-06-09 18:05:39,"Chest",25h 3min,"Incline Bench Press (Cable)",4,120.0,10.0,0,0.0,
2025-06-09 18:05:39,"Chest",25h 3min,"Triceps Pushdown (Cable - Straight Bar)",1,45.0,12.0,0,0.0,
2025-06-09 18:05:39,"Chest",25h 3min,"Triceps Pushdown (Cable - Straight Bar)",2,45.0,12.0,0,0.0,
2025-06-09 18:05:39,"Chest",25h 3min,"Triceps Pushdown (Cable - Straight Bar)",3,45.0,12.0,0,0.0,
2025-06-10 19:09:17,"Back",23h 29min,"Lat Pulldown (Cable)",1,25.0,12.0,0,0.0,
2025-06-10 19:09:17,"Back",23h 29min,"Lat Pulldown (Cable)",2,60.0,10.0,0,0.0,
2025-06-10 19:09:17,"Back",23h 29min,"Lat Pulldown (Cable)",3,65.0,10.0,0,0.0,
2025-06-10 19:09:17,"Back",23h 29min,"Lat Pulldown (Cable)",4,65.0,10.0,0,0.0,
2025-06-10 19:09:17,"Back",23h 29min,"Bent Over Row (Barbell)",1,70.0,12.0,0,0.0,
2025-06-10 19:09:17,"Back",23h 29min,"Bent Over Row (Barbell)",2,90.0,12.0,0,0.0,
2025-06-10 19:09:17,"Back",23h 29min,"Bent Over Row (Barbell)",3,110.0,12.0,0,0.0,
2025-06-10 19:09:17,"Back",23h 29min,"Bent Over Row (Barbell)",4,110.0,12.0,0,0.0,
2025-06-10 19:09:17,"Back",23h 29min,"Seated Row (Cable)",W,25.0,12.0,0,0.0,
2025-06-10 19:09:17,"Back",23h 29min,"Seated Row (Cable)",1,60.0,12.0,0,0.0,
2025-06-10 19:09:17,"Back",23h 29min,"Seated Row (Cable)",2,60.0,12.0,0,0.0,
2025-06-10 19:09:17,"Back",23h 29min,"Seated Row (Cable)",3,60.0,12.0,0,0.0,
2025-06-11 18:38:38,"Legs",23h 16min,"Hack Squat",1,140.0,10.0,0,0.0,
2025-06-11 18:38:38,"Legs",23h 16min,"Hack Squat",2,180.0,8.0,0,0.0,
2025-06-11 18:38:38,"Legs",23h 16min,"Hack Squat",3,230.0,8.0,0,0.0,
2025-06-11 18:38:38,"Legs",23h 16min,"Hack Squat",4,250.0,8.0,0,0.0,
2025-06-11 18:38:38,"Legs",23h 16min,"Hack Squat",5,250.0,8.0,0,0.0,
2025-06-11 18:38:38,"Legs",23h 16min,"Leg Extension (Machine)",W,85.0,12.0,0,0.0,
2025-06-11 18:38:38,"Legs",23h 16min,"Leg Extension (Machine)",1,130.0,12.0,0,0.0,
2025-06-11 18:38:38,"Legs",23h 16min,"Leg Extension (Machine)",2,135.0,12.0,0,0.0,
2025-06-11 18:38:38,"Legs",23h 16min,"Leg Extension (Machine)",3,135.0,12.0,0,0.0,
2025-06-11 18:38:38,"Legs",23h 16min,"Lying Leg Curl (Machine)",1,115.0,12.0,0,0.0,
2025-06-11 18:38:38,"Legs",23h 16min,"Lying Leg Curl (Machine)",2,125.0,12.0,0,0.0,
2025-06-11 18:38:38,"Legs",23h 16min,"Lying Leg Curl (Machine)",3,130.0,10.0,0,0.0,
2025-06-11 18:38:38,"Legs",23h 16min,"Lying Leg Curl (Machine)",4,130.0,10.0,0,0.0,
2025-06-11 18:38:38,"Legs",23h 16min,"Standing Calf Raise (Machine)",1,15.0,15.0,0,0.0,
2025-06-11 18:38:38,"Legs",23h 16min,"Standing Calf Raise (Machine)",2,150.0,15.0,0,0.0,
2025-06-11 18:38:38,"Legs",23h 16min,"Standing Calf Raise (Machine)",3,190.0,15.0,0,0.0,
2025-06-11 18:38:38,"Legs",23h 16min,"Glute Drive",1,90.0,12.0,0,0.0,
2025-06-11 18:38:38,"Legs",23h 16min,"Glute Drive",2,100.0,12.0,0,0.0,
2025-06-11 18:38:38,"Legs",23h 16min,"Glute Drive",3,100.0,12.0,0,0.0,
2025-06-17 18:22:50,"Chest",23h 28min,"Chest Press (Machine)",W,40.0,12.0,0,0.0,
2025-06-17 18:22:50,"Chest",23h 28min,"Chest Press (Machine)",1,85.0,9.0,0,0.0,
2025-06-17 18:22:50,"Chest",23h 28min,"Chest Press (Machine)",2,85.0,9.0,0,0.0,
2025-06-17 18:22:50,"Chest",23h 28min,"Chest Press (Machine)",3,80.0,10.0,0,0.0,
2025-06-17 18:22:50,"Chest",23h 28min,"Bench Press (Barbell)",W,135.0,10.0,0,0.0,
2025-06-17 18:22:50,"Chest",23h 28min,"Bench Press (Barbell)",1,155.0,9.0,0,0.0,
2025-06-17 18:22:50,"Chest",23h 28min,"Bench Press (Barbell)",2,155.0,9.0,0,0.0,
2025-06-17 18:22:50,"Chest",23h 28min,"Bench Press (Barbell)",3,155.0,9.0,0,0.0,
2025-06-17 18:22:50,"Chest",23h 28min,"Chest Fly",1,90.0,12.0,0,0.0,
2025-06-17 18:22:50,"Chest",23h 28min,"Chest Fly",2,130.0,12.0,0,0.0,
2025-06-17 18:22:50,"Chest",23h 28min,"Chest Fly",3,135.0,10.0,0,0.0,
2025-06-17 18:22:50,"Chest",23h 28min,"Chest Fly",4,135.0,10.0,0,0.0,
2025-06-17 18:22:50,"Chest",23h 28min,"Romanian Deadlift (Dumbbell)",1,45.0,12.0,0,0.0,
2025-06-17 18:22:50,"Chest",23h 28min,"Romanian Deadlift (Dumbbell)",2,45.0,12.0,0,0.0,
2025-06-17 18:22:50,"Chest",23h 28min,"Romanian Deadlift (Dumbbell)",3,45.0,12.0,0,0.0,
2025-06-17 18:22:50,"Chest",23h 28min,"Incline Bench Press (Dumbbell)",1,30.0,12.0,0,0.0,
2025-06-17 18:22:50,"Chest",23h 28min,"Incline Bench Press (Dumbbell)",2,70.0,6.0,0,0.0,
2025-06-17 18:22:50,"Chest",23h 28min,"Incline Bench Press (Dumbbell)",3,70.0,6.0,0,0.0,
2025-06-17 18:22:50,"Chest",23h 28min,"Incline Bench Press (Dumbbell)",4,70.0,6.0,0,0.0,
2025-06-18 17:52:02,"Back",46h 57min,"Lat Pulldown (Cable)",1,25.0,12.0,0,0.0,
2025-06-18 17:52:02,"Back",46h 57min,"Lat Pulldown (Cable)",2,50.0,11.0,0,0.0,
2025-06-18 17:52:02,"Back",46h 57min,"Lat Pulldown (Cable)",3,50.0,12.0,0,0.0,
2025-06-18 17:52:02,"Back",46h 57min,"Lat Pulldown (Cable)",4,50.0,12.0,0,0.0,
2025-06-18 17:52:02,"Back",46h 57min,"Bent Over Row (Barbell)",1,70.0,12.0,0,0.0,
2025-06-18 17:52:02,"Back",46h 57min,"Bent Over Row (Barbell)",2,105.0,12.0,0,0.0,
2025-06-18 17:52:02,"Back",46h 57min,"Bent Over Row (Barbell)",3,125.0,9.0,0,0.0,
2025-06-18 17:52:02,"Back",46h 57min,"Bent Over Row (Barbell)",4,125.0,9.0,0,0.0,
2025-06-18 17:52:02,"Back",46h 57min,"Seated Row (Cable)",W,25.0,12.0,0,0.0,
2025-06-18 17:52:02,"Back",46h 57min,"Seated Row (Cable)",1,60.0,10.0,0,0.0,
2025-06-18 17:52:02,"Back",46h 57min,"Seated Row (Cable)",2,60.0,10.0,0,0.0,
2025-06-18 17:52:02,"Back",46h 57min,"Seated Row (Cable)",3,60.0,10.0,0,0.0,
2025-06-18 17:52:02,"Back",46h 57min,"Incline Curl (Dumbbell)",1,25.0,12.0,0,0.0,
2025-06-18 17:52:02,"Back",46h 57min,"Incline Curl (Dumbbell)",2,25.0,12.0,0,0.0,
2025-06-18 17:52:02,"Back",46h 57min,"Incline Curl (Dumbbell)",3,30.0,10.0,0,0.0,
2025-06-18 17:52:02,"Back",46h 57min,"Incline Curl (Dumbbell)",4,30.0,10.0,0,0.0,
2025-06-18 17:52:02,"Back",46h 57min,"Preacher Curl (Machine)",1,70.0,12.0,0,0.0,
2025-06-18 17:52:02,"Back",46h 57min,"Preacher Curl (Machine)",2,80.0,12.0,0,0.0,
2025-06-18 17:52:02,"Back",46h 57min,"Preacher Curl (Machine)",3,80.0,12.0,0,0.0,
2025-06-20 16:49:51,"Afternoon Workout",99h 13min,"Seated Overhead Press (Dumbbell)",W,25.0,12.0,0,0.0,
2025-06-20 16:49:51,"Afternoon Workout",99h 13min,"Seated Overhead Press (Dumbbell)",1,45.0,9.0,0,0.0,
2025-06-20 16:49:51,"Afternoon Workout",99h 13min,"Seated Overhead Press (Dumbbell)",2,45.0,9.0,0,0.0,
2025-06-20 16:49:51,"Afternoon Workout",99h 13min,"Seated Overhead Press (Dumbbell)",3,45.0,9.0,0,0.0,
2025-06-20 16:49:51,"Afternoon Workout",99h 13min,"Triceps Pushdown (Cable - Straight Bar)",1,40.0,12.0,0,0.0,
2025-06-20 16:49:51,"Afternoon Workout",99h 13min,"Triceps Pushdown (Cable - Straight Bar)",2,50.0,12.0,0,0.0,
2025-06-20 16:49:51,"Afternoon Workout",99h 13min,"Triceps Pushdown (Cable - Straight Bar)",3,50.0,12.0,0,0.0,
2025-06-20 16:49:51,"Afternoon Workout",99h 13min,"Lateral Raise (Machine)",1,80.0,12.0,0,0.0,
2025-06-20 16:49:51,"Afternoon Workout",99h 13min,"Lateral Raise (Machine)",2,80.0,12.0,0,0.0,
2025-06-20 16:49:51,"Afternoon Workout",99h 13min,"Lateral Raise (Machine)",3,80.0,12.0,0,0.0,
2025-06-20 16:49:51,"Afternoon Workout",99h 13min,"Lateral Raise (Cable)",1,10.0,13.0,0,0.0,
2025-06-20 16:49:51,"Afternoon Workout",99h 13min,"Lateral Raise (Cable)",2,15.0,12.0,0,0.0,
2025-06-20 16:49:51,"Afternoon Workout",99h 13min,"Lateral Raise (Cable)",3,15.0,12.0,0,0.0,
2025-06-20 16:49:51,"Afternoon Workout",99h 13min,"Cable Shrug",1,35.0,15.0,0,0.0,
2025-06-20 16:49:51,"Afternoon Workout",99h 13min,"Cable Shrug",2,35.0,15.0,0,0.0,
2025-06-20 16:49:51,"Afternoon Workout",99h 13min,"Cable Shrug",3,35.0,15.0,0,0.0,
2025-06-20 16:49:51,"Afternoon Workout",99h 13min,"Preacher Curl (Barbell)",1,40.0,15.0,0,0.0,
2025-06-20 16:49:51,"Afternoon Workout",99h 13min,"Preacher Curl (Barbell)",2,60.0,12.0,0,0.0,
2025-06-20 16:49:51,"Afternoon Workout",99h 13min,"Preacher Curl (Barbell)",3,60.0,12.0,0,0.0,
2025-06-20 16:49:51,"Afternoon Workout",99h 13min,"Preacher Curl (Barbell)",4,60.0,12.0,0,0.0,
2025-06-20 16:49:51,"Afternoon Workout",99h 13min,"Reverse Fly (Machine)",1,75.0,12.0,0,0.0,
2025-06-20 16:49:51,"Afternoon Workout",99h 13min,"Reverse Fly (Machine)",2,90.0,10.0,0,0.0,
2025-06-20 16:49:51,"Afternoon Workout",99h 13min,"Reverse Fly (Machine)",3,90.0,10.0,0,0.0,
2025-06-20 16:49:51,"Afternoon Workout",99h 13min,"Reverse Fly (Machine)",4,90.0,10.0,0,0.0,
2025-06-24 20:05:32,"Back",46h 27min,"Seated Row (Cable)",W,35.0,12.0,0,0.0,
2025-06-24 20:05:32,"Back",46h 27min,"Seated Row (Cable)",1,60.0,12.0,0,0.0,
2025-06-24 20:05:32,"Back",46h 27min,"Seated Row (Cable)",2,60.0,12.0,0,0.0,
2025-06-24 20:05:32,"Back",46h 27min,"Seated Row (Cable)",3,60.0,12.0,0,0.0,
2025-06-24 20:05:32,"Back",46h 27min,"Bent Over Row (Barbell)",1,95.0,12.0,0,0.0,
2025-06-24 20:05:32,"Back",46h 27min,"Bent Over Row (Barbell)",2,105.0,12.0,0,0.0,
2025-06-24 20:05:32,"Back",46h 27min,"Bent Over Row (Barbell)",3,115.0,10.0,0,0.0,
2025-06-24 20:05:32,"Back",46h 27min,"Bent Over Row (Barbell)",4,115.0,10.0,0,0.0,
2025-06-24 20:05:32,"Back",46h 27min,"Romanian Deadlift (Barbell)",1,105.0,12.0,0,0.0,
2025-06-24 20:05:32,"Back",46h 27min,"Romanian Deadlift (Barbell)",2,115.0,12.0,0,0.0,
2025-06-24 20:05:32,"Back",46h 27min,"Romanian Deadlift (Barbell)",3,115.0,12.0,0,0.0,
2025-06-24 20:05:32,"Back",46h 27min,"Lat Pulldown (Cable)",1,25.0,12.0,0,0.0,
2025-06-24 20:05:32,"Back",46h 27min,"Lat Pulldown (Cable)",2,50.0,12.0,0,0.0,
2025-06-24 20:05:32,"Back",46h 27min,"Lat Pulldown (Cable)",3,50.0,12.0,0,0.0,
2025-06-24 20:05:32,"Back",46h 27min,"Lat Pulldown (Cable)",4,50.0,12.0,0,0.0,
2025-06-26 18:33:38,"Chest",356h 7min,"Bench Press (Barbell)",W,135.0,10.0,0,0.0,
2025-06-26 18:33:38,"Chest",356h 7min,"Bench Press (Barbell)",1,155.0,10.0,0,0.0,
2025-06-26 18:33:38,"Chest",356h 7min,"Bench Press (Barbell)",2,165.0,10.0,0,0.0,
2025-06-26 18:33:38,"Chest",356h 7min,"Bench Press (Barbell)",3,175.0,8.0,0,0.0,
2025-06-26 18:33:38,"Chest",356h 7min,"Bench Press (Barbell)",4,175.0,6.0,0,0.0,
2025-06-26 18:33:38,"Chest",356h 7min,"Incline Bench Press (Dumbbell)",1,30.0,12.0,0,0.0,
2025-06-26 18:33:38,"Chest",356h 7min,"Incline Bench Press (Dumbbell)",2,60.0,8.0,0,0.0,
2025-06-26 18:33:38,"Chest",356h 7min,"Incline Bench Press (Dumbbell)",3,60.0,8.0,0,0.0,
2025-06-26 18:33:38,"Chest",356h 7min,"Incline Bench Press (Dumbbell)",4,60.0,8.0,0,0.0,
2025-06-26 18:33:38,"Chest",356h 7min,"One Arm Tricep Cable Pushdown",1,12.5,15.0,0,0.0,
2025-06-26 18:33:38,"Chest",356h 7min,"One Arm Tricep Cable Pushdown",2,12.5,15.0,0,0.0,
2025-06-26 18:33:38,"Chest",356h 7min,"One Arm Tricep Cable Pushdown",3,12.5,15.0,0,0.0,
2025-06-26 18:33:38,"Chest",356h 7min,"Romanian Deadlift (Dumbbell)",1,50.0,12.0,0,0.0,
2025-06-26 18:33:38,"Chest",356h 7min,"Romanian Deadlift (Dumbbell)",2,50.0,10.0,0,0.0,
2025-06-26 18:33:38,"Chest",356h 7min,"Romanian Deadlift (Dumbbell)",3,50.0,10.0,0,0.0,
2025-07-11 14:41:26,"Afternoon Workout",67h 12min,"Chest Press (Machine)",W,40.0,12.0,0,0.0,
2025-07-11 14:41:26,"Afternoon Workout",67h 12min,"Chest Press (Machine)",1,80.0,10.0,0,0.0,
2025-07-11 14:41:26,"Afternoon Workout",67h 12min,"Chest Press (Machine)",2,80.0,10.0,0,0.0,
2025-07-11 14:41:26,"Afternoon Workout",67h 12min,"Chest Press (Machine)",3,80.0,10.0,0,0.0,
2025-07-11 14:41:26,"Afternoon Workout",67h 12min,"Bench Press (Barbell)",W,135.0,10.0,0,0.0,
2025-07-11 14:41:26,"Afternoon Workout",67h 12min,"Bench Press (Barbell)",1,155.0,8.0,0,0.0,
2025-07-11 14:41:26,"Afternoon Workout",67h 12min,"Bench Press (Barbell)",2,155.0,8.0,0,0.0,
2025-07-11 14:41:26,"Afternoon Workout",67h 12min,"Bench Press (Barbell)",3,155.0,8.0,0,0.0,
2025-07-11 14:41:26,"Afternoon Workout",67h 12min,"Lat Pulldown (Cable)",1,25.0,12.0,0,0.0,
2025-07-11 14:41:26,"Afternoon Workout",67h 12min,"Lat Pulldown (Cable)",2,50.0,12.0,0,0.0,
2025-07-11 14:41:26,"Afternoon Workout",67h 12min,"Lat Pulldown (Cable)",3,50.0,12.0,0,0.0,
2025-07-11 14:41:26,"Afternoon Workout",67h 12min,"Lat Pulldown (Cable)",4,50.0,109.0,0,0.0,
2025-07-11 14:41:26,"Afternoon Workout",67h 12min,"Seated Wide-Grip Row (Cable)",1,25.0,10.0,0,0.0,
2025-07-11 14:41:26,"Afternoon Workout",67h 12min,"Seated Wide-Grip Row (Cable)",2,50.0,12.0,0,0.0,
2025-07-11 14:41:26,"Afternoon Workout",67h 12min,"Seated Wide-Grip Row (Cable)",3,50.0,12.0,0,0.0,
2025-07-14 09:54:06,"Legs",53h 27min,"Hack Squat",1,180.0,8.0,0,0.0,
2025-07-14 09:54:06,"Legs",53h 27min,"Hack Squat",2,230.0,8.0,0,0.0,
2025-07-14 09:54:06,"Legs",53h 27min,"Hack Squat",3,230.0,8.0,0,0.0,
2025-07-14 09:54:06,"Legs",53h 27min,"Hack Squat",4,230.0,8.0,0,0.0,
2025-07-14 09:54:06,"Legs",53h 27min,"Romanian Deadlift (Barbell)",1,95.0,12.0,0,0.0,
2025-07-14 09:54:06,"Legs",53h 27min,"Romanian Deadlift (Barbell)",2,115.0,11.0,0,0.0,
2025-07-14 09:54:06,"Legs",53h 27min,"Romanian Deadlift (Barbell)",3,115.0,12.0,0,0.0,
2025-07-14 09:54:06,"Legs",53h 27min,"Romanian Deadlift (Barbell)",4,115.0,12.0,0,0.0,
2025-07-14 09:54:06,"Legs",53h 27min,"Standing Calf Raise (Machine)",1,190.0,15.0,0,0.0,
2025-07-14 09:54:06,"Legs",53h 27min,"Standing Calf Raise (Machine)",2,190.0,15.0,0,0.0,
2025-07-14 09:54:06,"Legs",53h 27min,"Standing Calf Raise (Machine)",3,195.0,15.0,0,0.0,
2025-07-14 09:54:06,"Legs",53h 27min,"Glute Drive",1,90.0,12.0,0,0.0,
2025-07-14 09:54:06,"Legs",53h 27min,"Glute Drive",2,100.0,12.0,0,0.0,
2025-07-14 09:54:06,"Legs",53h 27min,"Glute Drive",3,100.0,12.0,0,0.0,
2025-07-16 15:22:18,"Back",117h 33min,"Lat Pulldown (Cable)",1,25.0,12.0,0,0.0,
2025-07-16 15:22:18,"Back",117h 33min,"Lat Pulldown (Cable)",2,60.0,8.0,0,0.0,
2025-07-16 15:22:18,"Back",117h 33min,"Lat Pulldown (Cable)",3,60.0,8.0,0,0.0,
2025-07-16 15:22:18,"Back",117h 33min,"Lat Pulldown (Cable)",4,60.0,8.0,0,0.0,
2025-07-16 15:22:18,"Back",117h 33min,"Bent Over Row (Barbell)",1,95.0,12.0,0,0.0,
2025-07-16 15:22:18,"Back",117h 33min,"Bent Over Row (Barbell)",2,115.0,11.0,0,0.0,
2025-07-16 15:22:18,"Back",117h 33min,"Bent Over Row (Barbell)",3,115.0,11.0,0,0.0,
2025-07-16 15:22:18,"Back",117h 33min,"Bent Over Row (Barbell)",4,115.0,11.0,0,0.0,
2025-07-16 15:22:18,"Back",117h 33min,"Seated Row (Cable)",W,35.0,12.0,0,0.0,
2025-07-16 15:22:18,"Back",117h 33min,"Seated Row (Cable)",1,50.0,12.0,0,0.0,
2025-07-16 15:22:18,"Back",117h 33min,"Seated Row (Cable)",2,60.0,12.0,0,0.0,
2025-07-16 15:22:18,"Back",117h 33min,"Seated Row (Cable)",3,60.0,12.0,0,0.0,
2025-07-16 15:22:18,"Back",117h 33min,"Preacher Curl (Machine)",1,80.0,12.0,0,0.0,
2025-07-16 15:22:18,"Back",117h 33min,"Preacher Curl (Machine)",2,90.0,8.0,0,0.0,
2025-07-16 15:22:18,"Back",117h 33min,"Preacher Curl (Machine)",3,90.0,8.0,0,0.0,
2025-07-21 12:55:58,"Legs",50h 43min,"Hack Squat",1,180.0,8.0,0,0.0,
2025-07-21 12:55:58,"Legs",50h 43min,"Hack Squat",2,250.0,8.0,0,0.0,
2025-07-21 12:55:58,"Legs",50h 43min,"Hack Squat",3,250.0,8.0,0,0.0,
2025-07-21 12:55:58,"Legs",50h 43min,"Hack Squat",4,250.0,8.0,0,0.0,
2025-07-21 12:55:58,"Legs",50h 43min,"Hack Squat",5,250.0,8.0,0,0.0,
2025-07-21 12:55:58,"Legs",50h 43min,"Romanian Deadlift (Barbell)",1,95.0,10.0,0,0.0,
2025-07-21 12:55:58,"Legs",50h 43min,"Romanian Deadlift (Barbell)",2,135.0,8.0,0,0.0,
2025-07-21 12:55:58,"Legs",50h 43min,"Romanian Deadlift (Barbell)",3,135.0,8.0,0,0.0,
2025-07-21 12:55:58,"Legs",50h 43min,"Romanian Deadlift (Barbell)",4,135.0,8.0,0,0.0,
2025-07-21 12:55:58,"Legs",50h 43min,"Single Leg Extension",W,50.0,12.0,0,0.0,
2025-07-21 12:55:58,"Legs",50h 43min,"Single Leg Extension",1,75.0,10.0,0,0.0,
2025-07-21 12:55:58,"Legs",50h 43min,"Single Leg Extension",2,70.0,12.0,0,0.0,
2025-07-21 12:55:58,"Legs",50h 43min,"Single Leg Extension",3,70.0,12.0,0,0.0,
2025-07-21 12:55:58,"Legs",50h 43min,"Lying Leg Curl (Machine)",1,115.0,12.0,0,0.0,
2025-07-21 12:55:58,"Legs",50h 43min,"Lying Leg Curl (Machine)",2,120.0,12.0,0,0.0,
2025-07-21 12:55:58,"Legs",50h 43min,"Lying Leg Curl (Machine)",3,125.0,10.0,0,0.0,
2025-07-21 12:55:58,"Legs",50h 43min,"Lying Leg Curl (Machine)",4,125.0,10.0,0,0.0,
2025-07-21 12:55:58,"Legs",50h 43min,"Standing Calf Raise (Machine)",1,190.0,15.0,0,0.0,
2025-07-21 12:55:58,"Legs",50h 43min,"Standing Calf Raise (Machine)",2,190.0,15.0,0,0.0,
2025-07-21 12:55:58,"Legs",50h 43min,"Standing Calf Raise (Machine)",3,195.0,15.0,0,0.0,
2025-07-23 15:39:17,"Chest",46h 59min,"Bench Press (Barbell)",W,135.0,10.0,0,0.0,
2025-07-23 15:39:17,"Chest",46h 59min,"Bench Press (Barbell)",1,165.0,10.0,0,0.0,
2025-07-23 15:39:17,"Chest",46h 59min,"Bench Press (Barbell)",2,165.0,8.0,0,0.0,
2025-07-23 15:39:17,"Chest",46h 59min,"Bench Press (Barbell)",3,165.0,6.0,0,0.0,
2025-07-23 15:39:17,"Chest",46h 59min,"Incline Bench Press (Dumbbell)",1,30.0,12.0,0,0.0,
2025-07-23 15:39:17,"Chest",46h 59min,"Incline Bench Press (Dumbbell)",2,60.0,9.0,0,0.0,
2025-07-23 15:39:17,"Chest",46h 59min,"Incline Bench Press (Dumbbell)",3,60.0,9.0,0,0.0,
2025-07-23 15:39:17,"Chest",46h 59min,"Incline Bench Press (Dumbbell)",4,60.0,8.0,0,0.0,
2025-07-23 15:39:17,"Chest",46h 59min,"One Arm Tricep Cable Pushdown",1,12.5,15.0,0,0.0,
2025-07-23 15:39:17,"Chest",46h 59min,"One Arm Tricep Cable Pushdown",2,12.5,15.0,0,0.0,
2025-07-23 15:39:17,"Chest",46h 59min,"One Arm Tricep Cable Pushdown",3,17.5,8.0,0,0.0,
2025-07-23 15:39:17,"Chest",46h 59min,"Triceps Extension (Cable)",1,12.5,12.0,0,0.0,
2025-07-23 15:39:17,"Chest",46h 59min,"Triceps Extension (Cable)",2,12.5,12.0,0,0.0,
2025-07-23 15:39:17,"Chest",46h 59min,"Triceps Extension (Cable)",3,12.5,12.0,0,0.0,
2025-07-23 15:39:17,"Chest",46h 59min,"Chest Fly",1,90.0,12.0,0,0.0,
2025-07-23 15:39:17,"Chest",46h 59min,"Chest Fly",2,135.0,12.0,0,0.0,
2025-07-23 15:39:17,"Chest",46h 59min,"Chest Fly",3,135.0,10.0,0,0.0,
2025-07-23 15:39:17,"Chest",46h 59min,"Chest Fly",4,135.0,10.0,0,0.0,
2025-07-25 14:38:27,"Back",71h 10min,"Seated Wide-Grip Row (Cable)",1,25.0,10.0,0,0.0,
2025-07-25 14:38:27,"Back",71h 10min,"Seated Wide-Grip Row (Cable)",2,50.0,12.0,0,0.0,
2025-07-25 14:38:27,"Back",71h 10min,"Seated Wide-Grip Row (Cable)",3,60.0,12.0,0,0.0,
2025-07-25 14:38:27,"Back",71h 10min,"Seated Wide-Grip Row (Cable)",4,70.0,8.0,0,0.0,
2025-07-25 14:38:27,"Back",71h 10min,"Seated Wide-Grip Row (Cable)",5,70.0,8.0,0,0.0,
2025-07-25 14:38:27,"Back",71h 10min,"Lat Pulldown (Cable)",1,25.0,12.0,0,0.0,
2025-07-25 14:38:27,"Back",71h 10min,"Lat Pulldown (Cable)",2,60.0,8.0,0,0.0,
2025-07-25 14:38:27,"Back",71h 10min,"Lat Pulldown (Cable)",3,60.0,8.0,0,0.0,
2025-07-25 14:38:27,"Back",71h 10min,"Lat Pulldown (Cable)",4,60.0,8.0,0,0.0,
2025-07-25 14:38:27,"Back",71h 10min,"Bent Over Row (Barbell)",1,115.0,12.0,0,0.0,
2025-07-25 14:38:27,"Back",71h 10min,"Bent Over Row (Barbell)",2,125.0,11.0,0,0.0,
2025-07-25 14:38:27,"Back",71h 10min,"Bent Over Row (Barbell)",3,125.0,10.0,0,0.0,
2025-07-25 14:38:27,"Back",71h 10min,"Romanian Deadlift (Barbell)",1,125.0,10.0,0,0.0,
2025-07-25 14:38:27,"Back",71h 10min,"Romanian Deadlift (Barbell)",2,125.0,10.0,0,0.0,
2025-07-25 14:38:27,"Back",71h 10min,"Romanian Deadlift (Barbell)",3,125.0,10.0,0,0.0,
2025-07-25 14:38:27,"Back",71h 10min,"Preacher Curl (Barbell)",1,60.0,13.0,0,0.0,
2025-07-25 14:38:27,"Back",71h 10min,"Preacher Curl (Barbell)",2,60.0,13.0,0,0.0,
2025-07-25 14:38:27,"Back",71h 10min,"Preacher Curl (Barbell)",3,60.0,13.0,0,0.0,
2025-07-28 13:49:28,"Chest",22h 3min,"Chest Press (Machine)",W,40.0,12.0,0,0.0,
2025-07-28 13:49:28,"Chest",22h 3min,"Chest Press (Machine)",1,80.0,11.0,0,0.0,
2025-07-28 13:49:28,"Chest",22h 3min,"Chest Press (Machine)",2,80.0,11.0,0,0.0,
2025-07-28 13:49:28,"Chest",22h 3min,"Chest Press (Machine)",3,80.0,11.0,0,0.0,
2025-07-28 13:49:28,"Chest",22h 3min,"Bench Press (Barbell)",W,135.0,10.0,0,0.0,
2025-07-28 13:49:28,"Chest",22h 3min,"Bench Press (Barbell)",1,165.0,8.0,0,0.0,
2025-07-28 13:49:28,"Chest",22h 3min,"Bench Press (Barbell)",2,165.0,8.0,0,0.0,
2025-07-28 13:49:28,"Chest",22h 3min,"Bench Press (Barbell)",3,165.0,8.0,0,0.0,
2025-07-28 13:49:28,"Chest",22h 3min,"Incline Bench Press (Dumbbell)",1,30.0,12.0,0,0.0,
2025-07-28 13:49:28,"Chest",22h 3min,"Incline Bench Press (Dumbbell)",2,50.0,12.0,0,0.0,
2025-07-28 13:49:28,"Chest",22h 3min,"Incline Bench Press (Dumbbell)",3,50.0,11.0,0,0.0,
2025-07-28 13:49:28,"Chest",22h 3min,"Incline Bench Press (Dumbbell)",4,50.0,11.0,0,0.0,
2025-07-28 13:49:28,"Chest",22h 3min,"One Arm Tricep Cable Pushdown",1,15.0,12.0,0,0.0,
2025-07-28 13:49:28,"Chest",22h 3min,"One Arm Tricep Cable Pushdown",2,15.0,12.0,0,0.0,
2025-07-28 13:49:28,"Chest",22h 3min,"One Arm Tricep Cable Pushdown",3,15.0,12.0,0,0.0,
2025-07-28 13:49:28,"Chest",22h 3min,"Triceps Extension (Cable)",1,10.0,12.0,0,0.0,
2025-07-28 13:49:28,"Chest",22h 3min,"Triceps Extension (Cable)",2,12.5,12.0,0,0.0,
2025-07-28 13:49:28,"Chest",22h 3min,"Triceps Extension (Cable)",3,12.5,12.0,0,0.0,
2025-07-29 11:52:45,"Legs",23h 9min,"Hack Squat",1,180.0,8.0,0,0.0,
2025-07-29 11:52:45,"Legs",23h 9min,"Hack Squat",2,270.0,8.0,0,0.0,
2025-07-29 11:52:45,"Legs",23h 9min,"Hack Squat",3,270.0,8.0,0,0.0,
2025-07-29 11:52:45,"Legs",23h 9min,"Hack Squat",4,270.0,8.0,0,0.0,
2025-07-29 11:52:45,"Legs",23h 9min,"Hack Squat",5,270.0,8.0,0,0.0,
2025-07-29 11:52:45,"Legs",23h 9min,"Romanian Deadlift (Barbell)",1,135.0,10.0,0,0.0,
2025-07-29 11:52:45,"Legs",23h 9min,"Romanian Deadlift (Barbell)",2,135.0,10.0,0,0.0,
2025-07-29 11:52:45,"Legs",23h 9min,"Romanian Deadlift (Barbell)",3,135.0,10.0,0,0.0,
2025-07-29 11:52:45,"Legs",23h 9min,"Glute Drive",1,90.0,12.0,0,0.0,
2025-07-29 11:52:45,"Legs",23h 9min,"Glute Drive",2,100.0,15.0,0,0.0,
2025-07-29 11:52:45,"Legs",23h 9min,"Glute Drive",3,100.0,15.0,0,0.0,
2025-07-29 11:52:45,"Legs",23h 9min,"Leg Extension (Machine)",1,110.0,12.0,0,0.0,
2025-07-29 11:52:45,"Legs",23h 9min,"Leg Extension (Machine)",2,130.0,10.0,0,0.0,
2025-07-29 11:52:45,"Legs",23h 9min,"Leg Extension (Machine)",3,135.0,11.0,0,0.0,
2025-07-29 11:52:45,"Legs",23h 9min,"Standing Calf Raise (Machine)",1,190.0,15.0,0,0.0,
2025-07-29 11:52:45,"Legs",23h 9min,"Standing Calf Raise (Machine)",2,190.0,15.0,0,0.0,
2025-07-29 11:52:45,"Legs",23h 9min,"Standing Calf Raise (Machine)",3,195.0,15.0,0,0.0,
2025-07-30 11:02:54,"Back",74h 29min,"Lat Pulldown (Cable)",1,25.0,12.0,0,0.0,
2025-07-30 11:02:54,"Back",74h 29min,"Lat Pulldown (Cable)",2,60.0,8.0,0,0.0,
2025-07-30 11:02:54,"Back",74h 29min,"Lat Pulldown (Cable)",3,60.0,9.0,0,0.0,
2025-07-30 11:02:54,"Back",74h 29min,"Lat Pulldown (Cable)",4,60.0,9.0,0,0.0,
2025-07-30 11:02:54,"Back",74h 29min,"Bent Over Row (Barbell)",1,95.0,12.0,0,0.0,
2025-07-30 11:02:54,"Back",74h 29min,"Bent Over Row (Barbell)",2,135.0,8.0,0,0.0,
2025-07-30 11:02:54,"Back",74h 29min,"Bent Over Row (Barbell)",3,135.0,9.0,0,0.0,
2025-07-30 11:02:54,"Back",74h 29min,"Bent Over Row (Barbell)",4,135.0,8.0,0,0.0,
2025-07-30 11:02:54,"Back",74h 29min,"Seated Row (Cable)",1,60.0,12.0,0,0.0,
2025-07-30 11:02:54,"Back",74h 29min,"Seated Row (Cable)",2,65.0,12.0,0,0.0,
2025-07-30 11:02:54,"Back",74h 29min,"Seated Row (Cable)",3,60.0,12.0,0,0.0,
2025-07-30 11:02:54,"Back",74h 29min,"Incline Curl (Dumbbell)",1,22.5,12.0,0,0.0,
2025-07-30 11:02:54,"Back",74h 29min,"Incline Curl (Dumbbell)",2,22.5,12.0,0,0.0,
2025-07-30 11:02:54,"Back",74h 29min,"Incline Curl (Dumbbell)",3,25.0,10.0,0,0.0,
2025-07-30 11:02:54,"Back",74h 29min,"Incline Curl (Dumbbell)",4,25.0,10.0,0,0.0,
2025-08-02 13:32:06,"Midday Workout",188h 55min,"Chest Press (Machine)",W,40.0,12.0,0,0.0,
2025-08-02 13:32:06,"Midday Workout",188h 55min,"Chest Press (Machine)",1,80.0,11.0,0,0.0,
2025-08-02 13:32:06,"Midday Workout",188h 55min,"Chest Press (Machine)",2,80.0,11.0,0,0.0,
2025-08-02 13:32:06,"Midday Workout",188h 55min,"Chest Press (Machine)",3,80.0,11.0,0,0.0,
2025-08-02 13:32:06,"Midday Workout",188h 55min,"Lat Pulldown (Cable)",1,25.0,12.0,0,0.0,
2025-08-02 13:32:06,"Midday Workout",188h 55min,"Lat Pulldown (Cable)",2,60.0,11.0,0,0.0,
2025-08-02 13:32:06,"Midday Workout",188h 55min,"Lat Pulldown (Cable)",3,60.0,10.0,0,0.0,
2025-08-02 13:32:06,"Midday Workout",188h 55min,"Lat Pulldown (Cable)",4,60.0,10.0,0,0.0,
2025-08-02 13:32:06,"Midday Workout",188h 55min,"Lateral Raise (Cable)",1,10.0,13.0,0,0.0,
2025-08-02 13:32:06,"Midday Workout",188h 55min,"Lateral Raise (Cable)",2,10.0,12.0,0,0.0,
2025-08-02 13:32:06,"Midday Workout",188h 55min,"Lateral Raise (Cable)",3,10.0,12.0,0,0.0,
2025-08-02 13:32:06,"Midday Workout",188h 55min,"Triceps Extension (Cable)",1,10.0,15.0,0,0.0,
2025-08-02 13:32:06,"Midday Workout",188h 55min,"Triceps Extension (Cable)",2,15.0,15.0,0,0.0,
2025-08-02 13:32:06,"Midday Workout",188h 55min,"Triceps Extension (Cable)",3,15.0,15.0,0,0.0,
2025-08-02 13:32:06,"Midday Workout",188h 55min,"Triceps Extension (Cable)",4,15.0,15.0,0,0.0,
2025-08-02 13:32:06,"Midday Workout",188h 55min,"Cable Shrug",1,30.0,20.0,0,0.0,
2025-08-02 13:32:06,"Midday Workout",188h 55min,"Cable Shrug",2,35.0,15.0,0,0.0,
2025-08-02 13:32:06,"Midday Workout",188h 55min,"Cable Shrug",3,35.0,15.0,0,0.0,
2025-08-02 13:32:06,"Midday Workout",188h 55min,"One Arm Tricep Cable Pushdown",1,15.0,12.0,0,0.0,
2025-08-02 13:32:06,"Midday Workout",188h 55min,"One Arm Tricep Cable Pushdown",2,17.5,15.0,0,0.0,
2025-08-02 13:32:06,"Midday Workout",188h 55min,"One Arm Tricep Cable Pushdown",3,17.5,15.0,0,0.0,
2025-08-02 13:32:06,"Midday Workout",188h 55min,"Preacher Curl (Machine)",1,80.0,15.0,0,0.0,
2025-08-02 13:32:06,"Midday Workout",188h 55min,"Preacher Curl (Machine)",2,90.0,10.0,0,0.0,
2025-08-10 10:28:05,"Morning Workout",224h 5min,"Chest Press (Machine)",W,40.0,12.0,0,0.0,
2025-08-10 10:28:05,"Morning Workout",224h 5min,"Chest Press (Machine)",1,80.0,11.0,0,0.0,
2025-08-10 10:28:05,"Morning Workout",224h 5min,"Chest Press (Machine)",2,80.0,11.0,0,0.0,
2025-08-10 10:28:05,"Morning Workout",224h 5min,"Chest Press (Machine)",3,80.0,11.0,0,0.0,
2025-08-10 10:28:05,"Morning Workout",224h 5min,"Lat Pulldown (Cable)",1,25.0,12.0,0,0.0,
2025-08-10 10:28:05,"Morning Workout",224h 5min,"Lat Pulldown (Cable)",2,60.0,9.0,0,0.0,
2025-08-10 10:28:05,"Morning Workout",224h 5min,"Lat Pulldown (Cable)",3,60.0,10.0,0,0.0,
2025-08-10 10:28:05,"Morning Workout",224h 5min,"Lat Pulldown (Cable)",4,60.0,11.0,0,0.0,
2025-08-10 10:28:05,"Morning Workout",224h 5min,"Incline Bench Press (Dumbbell)",1,30.0,12.0,0,0.0,
2025-08-10 10:28:05,"Morning Workout",224h 5min,"Incline Bench Press (Dumbbell)",2,55.0,12.0,0,0.0,
2025-08-10 10:28:05,"Morning Workout",224h 5min,"Incline Bench Press (Dumbbell)",3,55.0,12.0,0,0.0,
2025-08-10 10:28:05,"Morning Workout",224h 5min,"Incline Bench Press (Dumbbell)",4,55.0,12.0,0,0.0,
2025-08-10 10:28:05,"Morning Workout",224h 5min,"Seated Wide-Grip Row (Cable)",1,25.0,10.0,0,0.0,
2025-08-10 10:28:05,"Morning Workout",224h 5min,"Seated Wide-Grip Row (Cable)",2,50.0,12.0,0,0.0,
2025-08-10 10:28:05,"Morning Workout",224h 5min,"Seated Wide-Grip Row (Cable)",3,50.0,12.0,0,0.0,
2025-08-10 10:28:05,"Morning Workout",224h 5min,"Seated Wide-Grip Row (Cable)",4,60.0,12.0,0,0.0,
2025-08-10 10:28:05,"Morning Workout",224h 5min,"Seated Wide-Grip Row (Cable)",5,60.0,12.0,0,0.0,
2025-08-10 10:28:05,"Morning Workout",224h 5min,"Incline Curl (Dumbbell)",1,22.5,12.0,0,0.0,
2025-08-10 10:28:05,"Morning Workout",224h 5min,"Incline Curl (Dumbbell)",2,25.0,12.0,0,0.0,
2025-08-10 10:28:05,"Morning Workout",224h 5min,"Incline Curl (Dumbbell)",3,25.0,12.0,0,0.0,
2025-08-10 10:28:05,"Morning Workout",224h 5min,"Incline Curl (Dumbbell)",4,25.0,12.0,0,0.0,
2025-08-10 10:28:05,"Morning Workout",224h 5min,"Triceps Pushdown (Cable - Straight Bar)",1,40.0,12.0,0,0.0,
2025-08-10 10:28:05,"Morning Workout",224h 5min,"Triceps Pushdown (Cable - Straight Bar)",2,50.0,12.0,0,0.0,
2025-08-10 10:28:05,"Morning Workout",224h 5min,"Triceps Pushdown (Cable - Straight Bar)",3,50.0,12.0,0,0.0,
2025-08-19 18:39:29,"Chest",24h 12min,"Bench Press (Barbell)",W,135.0,10.0,0,0.0,
2025-08-19 18:39:29,"Chest",24h 12min,"Bench Press (Barbell)",1,165.0,8.0,0,0.0,
2025-08-19 18:39:29,"Chest",24h 12min,"Bench Press (Barbell)",2,165.0,8.0,0,0.0,
2025-08-19 18:39:29,"Chest",24h 12min,"Bench Press (Barbell)",3,165.0,8.0,0,0.0,
2025-08-19 18:39:29,"Chest",24h 12min,"Bench Press (Barbell)",4,165.0,8.0,0,0.0,
2025-08-19 18:39:29,"Chest",24h 12min,"Chest Press (Machine)",W,40.0,12.0,0,0.0,
2025-08-19 18:39:29,"Chest",24h 12min,"Chest Press (Machine)",1,80.0,11.0,0,0.0,
2025-08-19 18:39:29,"Chest",24h 12min,"Chest Press (Machine)",2,80.0,10.0,0,0.0,
2025-08-19 18:39:29,"Chest",24h 12min,"Chest Press (Machine)",3,80.0,11.0,0,0.0,
2025-08-19 18:39:29,"Chest",24h 12min,"Incline Bench Press (Dumbbell)",1,30.0,12.0,0,0.0,
2025-08-19 18:39:29,"Chest",24h 12min,"Incline Bench Press (Dumbbell)",2,60.0,12.0,0,0.0,
2025-08-19 18:39:29,"Chest",24h 12min,"Incline Bench Press (Dumbbell)",3,60.0,11.0,0,0.0,
2025-08-19 18:39:29,"Chest",24h 12min,"Incline Bench Press (Dumbbell)",4,60.0,12.0,0,0.0,
2025-08-19 18:39:29,"Chest",24h 12min,"One Arm Tricep Cable Pushdown",1,15.0,15.0,0,0.0,
2025-08-19 18:39:29,"Chest",24h 12min,"One Arm Tricep Cable Pushdown",2,15.0,15.0,0,0.0,
2025-08-19 18:39:29,"Chest",24h 12min,"One Arm Tricep Cable Pushdown",3,15.0,12.0,0,0.0,
2025-08-20 18:51:41,"Back",47h 10min,"Seated Row (Cable)",1,60.0,12.0,0,0.0,
2025-08-20 18:51:41,"Back",47h 10min,"Seated Row (Cable)",2,70.0,10.0,0,0.0,
2025-08-20 18:51:41,"Back",47h 10min,"Seated Row (Cable)",3,70.0,10.0,0,0.0,
2025-08-20 18:51:41,"Back",47h 10min,"Lat Pulldown (Cable)",1,25.0,12.0,0,0.0,
2025-08-20 18:51:41,"Back",47h 10min,"Lat Pulldown (Cable)",2,60.0,9.0,0,0.0,
2025-08-20 18:51:41,"Back",47h 10min,"Lat Pulldown (Cable)",3,60.0,9.0,0,0.0,
2025-08-20 18:51:41,"Back",47h 10min,"Lat Pulldown (Cable)",4,60.0,9.0,0,0.0,
2025-08-20 18:51:41,"Back",47h 10min,"Lat Pulldown (Cable)",5,60.0,7.0,0,0.0,
2025-08-20 18:51:41,"Back",47h 10min,"Seated Wide-Grip Row (Cable)",1,25.0,10.0,0,0.0,
2025-08-20 18:51:41,"Back",47h 10min,"Seated Wide-Grip Row (Cable)",2,60.0,8.0,0,0.0,
2025-08-20 18:51:41,"Back",47h 10min,"Seated Wide-Grip Row (Cable)",3,60.0,12.0,0,0.0,
2025-08-20 18:51:41,"Back",47h 10min,"Seated Wide-Grip Row (Cable)",4,60.0,10.0,0,0.0,
2025-08-20 18:51:41,"Back",47h 10min,"Bicep Curl (Dumbbell)",1,30.0,12.0,0,0.0,
2025-08-20 18:51:41,"Back",47h 10min,"Bicep Curl (Dumbbell)",2,35.0,10.0,0,0.0,
2025-08-20 18:51:41,"Back",47h 10min,"Bicep Curl (Dumbbell)",3,35.0,10.0,0,0.0,
2025-08-22 18:02:20,"Legs",99h 17min,"Hack Squat",1,180.0,8.0,0,0.0,
2025-08-22 18:02:20,"Legs",99h 17min,"Hack Squat",2,270.0,8.0,0,0.0,
2025-08-22 18:02:20,"Legs",99h 17min,"Hack Squat",3,270.0,8.0,0,0.0,
2025-08-22 18:02:20,"Legs",99h 17min,"Hack Squat",4,270.0,8.0,0,0.0,
2025-08-22 18:02:20,"Legs",99h 17min,"Leg Extension (Machine)",1,110.0,12.0,0,0.0,
2025-08-22 18:02:20,"Legs",99h 17min,"Leg Extension (Machine)",2,130.0,12.0,0,0.0,
2025-08-22 18:02:20,"Legs",99h 17min,"Leg Extension (Machine)",3,130.0,12.0,0,0.0,
2025-08-22 18:02:20,"Legs",99h 17min,"Leg Extension (Machine)",4,130.0,12.0,0,0.0,
2025-08-22 18:02:20,"Legs",99h 17min,"Lying Leg Curl (Machine)",1,130.0,12.0,0,0.0,
2025-08-22 18:02:20,"Legs",99h 17min,"Lying Leg Curl (Machine)",2,140.0,12.0,0,0.0,
2025-08-22 18:02:20,"Legs",99h 17min,"Lying Leg Curl (Machine)",3,150.0,12.0,0,0.0,
2025-08-22 18:02:20,"Legs",99h 17min,"Lying Leg Curl (Machine)",4,150.0,12.0,0,0.0,
2025-08-22 18:02:20,"Legs",99h 17min,"Standing Calf Raise (Machine)",1,190.0,15.0,0,0.0,
2025-08-22 18:02:20,"Legs",99h 17min,"Standing Calf Raise (Machine)",2,190.0,15.0,0,0.0,
2025-08-22 18:02:20,"Legs",99h 17min,"Standing Calf Raise (Machine)",3,190.0,15.0,0,0.0,
2025-08-27 18:23:20,"Back",287h 24min,"Lat Pulldown (Cable)",1,25.0,12.0,0,0.0,
2025-08-27 18:23:20,"Back",287h 24min,"Lat Pulldown (Cable)",2,60.0,12.0,0,0.0,
2025-08-27 18:23:20,"Back",287h 24min,"Lat Pulldown (Cable)",3,60.0,12.0,0,0.0,
2025-08-27 18:23:20,"Back",287h 24min,"Lat Pulldown (Cable)",4,60.0,12.0,0,0.0,
2025-08-27 18:23:20,"Back",287h 24min,"Seated Wide-Grip Row (Cable)",1,25.0,10.0,0,0.0,
2025-08-27 18:23:20,"Back",287h 24min,"Seated Wide-Grip Row (Cable)",2,60.0,11.0,0,0.0,
2025-08-27 18:23:20,"Back",287h 24min,"Seated Wide-Grip Row (Cable)",3,60.0,11.0,0,0.0,
2025-08-27 18:23:20,"Back",287h 24min,"Seated Wide-Grip Row (Cable)",4,60.0,11.0,0,0.0,
2025-08-27 18:23:20,"Back",287h 24min,"Bicep Curl (Dumbbell)",1,30.0,12.0,0,0.0,
2025-08-27 18:23:20,"Back",287h 24min,"Bicep Curl (Dumbbell)",2,30.0,12.0,0,0.0,
2025-08-27 18:23:20,"Back",287h 24min,"Bicep Curl (Dumbbell)",3,30.0,12.0,0,0.0,
2025-08-27 18:23:20,"Back",287h 24min,"Incline Bench Press (Dumbbell)",1,30.0,12.0,0,0.0,
2025-08-27 18:23:20,"Back",287h 24min,"Incline Bench Press (Dumbbell)",2,7.0,6.0,0,0.0,
2025-08-27 18:23:20,"Back",287h 24min,"Incline Bench Press (Dumbbell)",3,60.0,12.0,0,0.0,
2025-08-27 18:23:20,"Back",287h 24min,"Incline Bench Press (Dumbbell)",4,60.0,13.0,0,0.0,
2025-08-27 18:23:20,"Back",287h 24min,"Incline Bench Press (Dumbbell)",5,60.0,12.0,0,0.0,
2025-08-27 18:23:20,"Back",287h 24min,"Chest Press (Machine)",W,40.0,12.0,0,0.0,
2025-08-27 18:23:20,"Back",287h 24min,"Chest Press (Machine)",1,80.0,10.0,0,0.0,
2025-08-27 18:23:20,"Back",287h 24min,"Chest Press (Machine)",2,80.0,10.0,0,0.0,
2025-08-27 18:23:20,"Back",287h 24min,"Chest Press (Machine)",3,80.0,10.0,0,0.0,
2025-08-27 18:23:20,"Back",287h 24min,"Triceps Extension (Cable)",1,15.0,15.0,0,0.0,
2025-08-27 18:23:20,"Back",287h 24min,"Triceps Extension (Cable)",2,15.0,15.0,0,0.0,
2025-08-27 18:23:20,"Back",287h 24min,"Triceps Extension (Cable)",3,15.0,15.0,0,0.0,
2025-08-27 18:23:20,"Back",287h 24min,"One Arm Tricep Cable Pushdown",1,10.0,15.0,0,0.0,
2025-09-08 17:50:38,"Back",21h 27min,"Lat Pulldown (Cable)",1,25.0,12.0,0,0.0,
2025-09-08 17:50:38,"Back",21h 27min,"Lat Pulldown (Cable)",2,60.0,10.0,0,0.0,
2025-09-08 17:50:38,"Back",21h 27min,"Lat Pulldown (Cable)",3,60.0,10.0,0,0.0,
2025-09-08 17:50:38,"Back",21h 27min,"Lat Pulldown (Cable)",4,60.0,10.0,0,0.0,
2025-09-08 17:50:38,"Back",21h 27min,"Bent Over Row (Barbell)",1,95.0,12.0,0,0.0,
2025-09-08 17:50:38,"Back",21h 27min,"Bent Over Row (Barbell)",2,135.0,8.0,0,0.0,
2025-09-08 17:50:38,"Back",21h 27min,"Bent Over Row (Barbell)",3,135.0,10.0,0,0.0,
2025-09-08 17:50:38,"Back",21h 27min,"Bent Over Row (Barbell)",4,135.0,10.0,0,0.0,
2025-09-08 17:50:38,"Back",21h 27min,"Romanian Deadlift (Barbell)",1,135.0,12.0,0,0.0,
2025-09-08 17:50:38,"Back",21h 27min,"Romanian Deadlift (Barbell)",2,135.0,10.0,0,0.0,
2025-09-08 17:50:38,"Back",21h 27min,"Romanian Deadlift (Barbell)",3,135.0,10.0,0,0.0,
2025-09-08 17:50:38,"Back",21h 27min,"Preacher Curl (Machine)",1,80.0,12.0,0,0.0,
2025-09-08 17:50:38,"Back",21h 27min,"Preacher Curl (Machine)",2,80.0,12.0,0,0.0,
2025-09-08 17:50:38,"Back",21h 27min,"Preacher Curl (Machine)",3,90.0,10.0,0,0.0,
2025-09-09 15:18:24,"Chest",3h 48min,"Bench Press (Barbell)",W,135.0,10.0,0,0.0,
2025-09-09 15:18:24,"Chest",3h 48min,"Bench Press (Barbell)",1,165.0,8.0,0,0.0,
2025-09-09 15:18:24,"Chest",3h 48min,"Bench Press (Barbell)",2,165.0,9.0,0,0.0,
2025-09-09 15:18:24,"Chest",3h 48min,"Bench Press (Barbell)",3,165.0,8.0,0,0.0,
2025-09-09 15:18:24,"Chest",3h 48min,"Chest Press (Machine)",W,40.0,12.0,0,0.0,
2025-09-09 15:18:24,"Chest",3h 48min,"Chest Press (Machine)",1,80.0,9.0,0,0.0,
2025-09-09 15:18:24,"Chest",3h 48min,"Chest Press (Machine)",2,80.0,8.0,0,0.0,
2025-09-09 15:18:24,"Chest",3h 48min,"Chest Press (Machine)",3,80.0,8.0,0,0.0,
2025-09-09 15:18:24,"Chest",3h 48min,"Triceps Extension (Machine)",1,40.0,12.0,0,0.0,
2025-09-09 15:18:24,"Chest",3h 48min,"Triceps Extension (Machine)",2,40.0,12.0,0,0.0,
2025-09-09 15:18:24,"Chest",3h 48min,"Triceps Extension (Machine)",3,40.0,12.0,0,0.0,
2025-09-09 15:18:24,"Chest",3h 48min,"Lateral Raise (Machine)",1,70.0,12.0,0,0.0,
2025-09-09 15:18:24,"Chest",3h 48min,"Lateral Raise (Machine)",2,90.0,12.0,0,0.0,
2025-09-09 15:18:24,"Chest",3h 48min,"Lateral Raise (Machine)",3,90.0,10.0,0,0.0,
2025-09-09 15:18:24,"Chest",3h 48min,"Chest Fly",1,90.0,12.0,0,0.0,
2025-09-09 15:18:24,"Chest",3h 48min,"Chest Fly",2,140.0,10.0,0,0.0,
2025-09-09 15:18:24,"Chest",3h 48min,"Chest Fly",3,140.0,10.0,0,0.0,
2025-09-09 15:18:24,"Chest",3h 48min,"Chest Fly",4,140.0,10.0,0,0.0,
2025-09-11 17:44:10,"Legs",97h 11min,"Hack Squat",1,180.0,8.0,0,0.0,
2025-09-11 17:44:10,"Legs",97h 11min,"Hack Squat",2,270.0,8.0,0,0.0,
2025-09-11 17:44:10,"Legs",97h 11min,"Hack Squat",3,270.0,8.0,0,0.0,
2025-09-11 17:44:10,"Legs",97h 11min,"Hack Squat",4,270.0,8.0,0,0.0,
2025-09-11 17:44:10,"Legs",97h 11min,"Hack Squat",5,270.0,8.0,0,0.0,
2025-09-11 17:44:10,"Legs",97h 11min,"Lying Leg Curl (Machine)",1,130.0,12.0,0,0.0,
2025-09-11 17:44:10,"Legs",97h 11min,"Lying Leg Curl (Machine)",2,150.0,12.0,0,0.0,
2025-09-11 17:44:10,"Legs",97h 11min,"Lying Leg Curl (Machine)",3,150.0,12.0,0,0.0,
2025-09-11 17:44:10,"Legs",97h 11min,"Lying Leg Curl (Machine)",4,150.0,12.0,0,0.0,
2025-09-11 17:44:10,"Legs",97h 11min,"Single Leg Extension",W,50.0,12.0,0,0.0,
2025-09-11 17:44:10,"Legs",97h 11min,"Single Leg Extension",1,70.0,12.0,0,0.0,
2025-09-11 17:44:10,"Legs",97h 11min,"Single Leg Extension",2,70.0,12.0,0,0.0,
2025-09-15 18:55:45,"Chest",24h 14min,"Bench Press (Barbell)",W,135.0,10.0,0,0.0,
2025-09-15 18:55:45,"Chest",24h 14min,"Bench Press (Barbell)",1,165.0,8.0,0,0.0,
2025-09-15 18:55:45,"Chest",24h 14min,"Bench Press (Barbell)",2,165.0,8.0,0,0.0,
2025-09-15 18:55:45,"Chest",24h 14min,"Bench Press (Barbell)",3,175.0,6.0,0,0.0,
2025-09-15 18:55:45,"Chest",24h 14min,"Chest Fly",1,90.0,12.0,0,0.0,
2025-09-15 18:55:45,"Chest",24h 14min,"Chest Fly",2,145.0,10.0,0,0.0,
2025-09-15 18:55:45,"Chest",24h 14min,"Chest Fly",3,145.0,10.0,0,0.0,
2025-09-15 18:55:45,"Chest",24h 14min,"Chest Fly",4,145.0,10.0,0,0.0,
2025-09-15 18:55:45,"Chest",24h 14min,"Triceps Pushdown (Cable - Straight Bar)",1,40.0,12.0,0,0.0,
2025-09-15 18:55:45,"Chest",24h 14min,"Triceps Pushdown (Cable - Straight Bar)",2,50.0,12.0,0,0.0,
2025-09-15 18:55:45,"Chest",24h 14min,"Triceps Pushdown (Cable - Straight Bar)",3,50.0,12.0,0,0.0,
2025-09-15 18:55:45,"Chest",24h 14min,"One Arm Tricep Cable Pushdown",1,15.0,15.0,0,0.0,
2025-09-15 18:55:45,"Chest",24h 14min,"One Arm Tricep Cable Pushdown",2,15.0,15.0,0,0.0,
2025-09-15 18:55:45,"Chest",24h 14min,"One Arm Tricep Cable Pushdown",3,15.0,12.0,0,0.0,
2025-09-15 18:55:45,"Chest",24h 14min,"Incline Bench Press (Dumbbell)",1,30.0,12.0,0,0.0,
2025-09-15 18:55:45,"Chest",24h 14min,"Incline Bench Press (Dumbbell)",2,65.0,8.0,0,0.0,
2025-09-16 19:10:29,"Back",143h 19min,"Bent Over Row (Barbell)",1,95.0,12.0,0,0.0,
2025-09-16 19:10:29,"Back",143h 19min,"Bent Over Row (Barbell)",2,135.0,10.0,0,0.0,
2025-09-16 19:10:29,"Back",143h 19min,"Bent Over Row (Barbell)",3,145.0,8.0,0,0.0,
2025-09-16 19:10:29,"Back",143h 19min,"Bent Over Row (Barbell)",4,145.0,7.0,0,0.0,
2025-09-16 19:10:29,"Back",143h 19min,"Bent Over Row (Barbell)",5,145.0,5.0,0,0.0,
2025-09-16 19:10:29,"Back",143h 19min,"Preacher Curl (Machine)",1,90.0,8.0,0,0.0,
2025-09-16 19:10:29,"Back",143h 19min,"Preacher Curl (Machine)",2,90.0,9.0,0,0.0,
2025-09-16 19:10:29,"Back",143h 19min,"Preacher Curl (Machine)",3,90.0,9.0,0,0.0,
2025-09-16 19:10:29,"Back",143h 19min,"Lat Pulldown (Cable)",1,25.0,12.0,0,0.0,
2025-09-16 19:10:29,"Back",143h 19min,"Lat Pulldown (Cable)",2,60.0,8.0,0,0.0,
2025-09-16 19:10:29,"Back",143h 19min,"Lat Pulldown (Cable)",3,60.0,8.0,0,0.0,
2025-09-22 18:33:32,"Legs",24h 35min,"Lying Leg Curl (Machine)",1,130.0,12.0,0,0.0,
2025-09-22 18:33:32,"Legs",24h 35min,"Lying Leg Curl (Machine)",2,140.0,12.0,0,0.0,
2025-09-22 18:33:32,"Legs",24h 35min,"Lying Leg Curl (Machine)",3,140.0,12.0,0,0.0,
2025-09-22 18:33:32,"Legs",24h 35min,"Lying Leg Curl (Machine)",4,140.0,12.0,0,0.0,
2025-09-22 18:33:32,"Legs",24h 35min,"Leg Extension (Machine)",1,90.0,12.0,0,0.0,
2025-09-22 18:33:32,"Legs",24h 35min,"Leg Extension (Machine)",2,110.0,12.0,0,0.0,
2025-09-22 18:33:32,"Legs",24h 35min,"Leg Extension (Machine)",3,130.0,12.0,0,0.0,
2025-09-22 18:33:32,"Legs",24h 35min,"Leg Extension (Machine)",4,130.0,12.0,0,0.0,
2025-09-22 18:33:32,"Legs",24h 35min,"Leg Press",W,140.0,12.0,0,0.0,
2025-09-22 18:33:32,"Legs",24h 35min,"Leg Press",1,180.0,12.0,0,0.0,
2025-09-22 18:33:32,"Legs",24h 35min,"Leg Press",2,240.0,12.0,0,0.0,
2025-09-22 18:33:32,"Legs",24h 35min,"Leg Press",3,240.0,12.0,0,0.0,
2025-09-23 19:09:04,"Back",23h 41min,"Seated Row (Cable)",1,60.0,12.0,0,0.0,
2025-09-23 19:09:04,"Back",23h 41min,"Seated Row (Cable)",2,60.0,12.0,0,0.0,
2025-09-23 19:09:04,"Back",23h 41min,"Seated Row (Cable)",3,60.0,10.0,0,0.0,
2025-09-23 19:09:04,"Back",23h 41min,"Lat Pulldown (Cable)",1,25.0,12.0,0,0.0,
2025-09-23 19:09:04,"Back",23h 41min,"Lat Pulldown (Cable)",2,65.0,8.0,0,0.0,
2025-09-23 19:09:04,"Back",23h 41min,"Lat Pulldown (Cable)",3,65.0,8.0,0,0.0,
2025-09-23 19:09:04,"Back",23h 41min,"Lat Pulldown (Cable)",4,65.0,8.0,0,0.0,
2025-09-23 19:09:04,"Back",23h 41min,"Preacher Curl (Machine)",1,80.0,12.0,0,0.0,
2025-09-23 19:09:04,"Back",23h 41min,"Preacher Curl (Machine)",2,90.0,10.0,0,0.0,
2025-09-23 19:09:04,"Back",23h 41min,"Preacher Curl (Machine)",3,90.0,10.0,0,0.0,
2025-09-23 19:09:04,"Back",23h 41min,"Seated Wide-Grip Row (Cable)",1,25.0,10.0,0,0.0,
2025-09-23 19:09:04,"Back",23h 41min,"Seated Wide-Grip Row (Cable)",2,60.0,12.0,0,0.0,
2025-09-23 19:09:04,"Back",23h 41min,"Seated Wide-Grip Row (Cable)",3,60.0,12.0,0,0.0,
2025-09-23 19:09:04,"Back",23h 41min,"Seated Wide-Grip Row (Cable)",4,60.0,12.0,0,0.0,
2025-09-24 18:51:02,"Chest",167h 42min,"Bench Press (Barbell)",W,135.0,10.0,0,0.0,
2025-09-24 18:51:02,"Chest",167h 42min,"Bench Press (Barbell)",1,165.0,9.0,0,0.0,
2025-09-24 18:51:02,"Chest",167h 42min,"Bench Press (Barbell)",2,165.0,10.0,0,0.0,
2025-09-24 18:51:02,"Chest",167h 42min,"Bench Press (Barbell)",3,175.0,8.0,0,0.0,
2025-09-24 18:51:02,"Chest",167h 42min,"Incline Chest Press (Machine)",1,45.0,12.0,0,0.0,
2025-09-24 18:51:02,"Chest",167h 42min,"Incline Chest Press (Machine)",2,120.0,12.0,0,0.0,
2025-09-24 18:51:02,"Chest",167h 42min,"Incline Chest Press (Machine)",3,120.0,11.0,0,0.0,
2025-09-24 18:51:02,"Chest",167h 42min,"Incline Chest Press (Machine)",4,120.0,11.0,0,0.0,
2025-09-24 18:51:02,"Chest",167h 42min,"Chest Fly",1,130.0,10.0,0,0.0,
2025-09-24 18:51:02,"Chest",167h 42min,"Chest Fly",2,145.0,10.0,0,0.0,
2025-09-24 18:51:02,"Chest",167h 42min,"Chest Fly",3,145.0,10.0,0,0.0,
2025-09-24 18:51:02,"Chest",167h 42min,"Triceps Extension (Machine)",1,30.0,12.0,0,0.0,
2025-09-24 18:51:02,"Chest",167h 42min,"Triceps Extension (Machine)",2,30.0,12.0,0,0.0,
2025-10-01 18:33:46,"Chest",167h 30min,"Bench Press (Barbell)",W,135.0,5.0,0,0.0,
2025-10-01 18:33:46,"Chest",167h 30min,"Bench Press (Barbell)",1,175.0,8.0,0,0.0,
2025-10-01 18:33:46,"Chest",167h 30min,"Bench Press (Barbell)",2,175.0,8.0,0,0.0,
2025-10-01 18:33:46,"Chest",167h 30min,"Bench Press (Barbell)",3,175.0,8.0,0,0.0,
2025-10-01 18:33:46,"Chest",167h 30min,"Chest Press (Machine)",W,40.0,12.0,0,0.0,
2025-10-01 18:33:46,"Chest",167h 30min,"Chest Press (Machine)",1,80.0,10.0,0,0.0,
2025-10-01 18:33:46,"Chest",167h 30min,"Chest Press (Machine)",2,80.0,8.0,0,0.0,
2025-10-01 18:33:46,"Chest",167h 30min,"One Arm Tricep Cable Pushdown",1,10.0,15.0,0,0.0,
2025-10-01 18:33:46,"Chest",167h 30min,"One Arm Tricep Cable Pushdown",2,10.0,15.0,0,0.0,
2025-10-01 18:33:46,"Chest",167h 30min,"One Arm Tricep Cable Pushdown",3,10.0,12.0,0,0.0,
2025-10-01 18:33:46,"Chest",167h 30min,"Triceps Extension (Cable)",1,10.0,12.0,0,0.0,
2025-10-01 18:33:46,"Chest",167h 30min,"Triceps Extension (Cable)",2,12.5,12.0,0,0.0,
2025-10-01 18:33:46,"Chest",167h 30min,"Triceps Extension (Cable)",3,12.5,12.0,0,0.0,
2025-10-01 18:33:46,"Chest",167h 30min,"Chest Fly (Band)",1,17.5,10.0,0,0.0,
2025-10-01 18:33:46,"Chest",167h 30min,"Chest Fly (Band)",2,17.5,10.0,0,0.0,
2025-10-08 18:04:36,"Back",24h 46min,"Lat Pulldown (Cable)",1,25.0,12.0,0,0.0,
2025-10-08 18:04:36,"Back",24h 46min,"Lat Pulldown (Cable)",2,60.0,12.0,0,0.0,
2025-10-08 18:04:36,"Back",24h 46min,"Lat Pulldown (Cable)",3,60.0,11.0,0,0.0,
2025-10-08 18:04:36,"Back",24h 46min,"Lat Pulldown (Cable)",4,60.0,10.0,0,0.0,
2025-10-08 18:04:36,"Back",24h 46min,"Bent Over Row (Barbell)",1,50.0,12.0,0,0.0,
2025-10-08 18:04:36,"Back",24h 46min,"Bent Over Row (Barbell)",2,90.0,12.0,0,0.0,
2025-10-08 18:04:36,"Back",24h 46min,"Bent Over Row (Barbell)",3,90.0,11.0,0,0.0,
2025-10-08 18:04:36,"Back",24h 46min,"Bent Over Row (Barbell)",4,90.0,11.0,0,0.0,
2025-10-08 18:04:36,"Back",24h 46min,"Seated Row (Cable)",1,60.0,12.0,0,0.0,
2025-10-08 18:04:36,"Back",24h 46min,"Seated Row (Cable)",2,60.0,12.0,0,0.0,
2025-10-08 18:04:36,"Back",24h 46min,"Seated Row (Cable)",3,60.0,10.0,0,0.0,
2025-10-08 18:04:36,"Back",24h 46min,"Bicep Curl (Dumbbell)",1,35.0,10.0,0,0.0,
2025-10-08 18:04:36,"Back",24h 46min,"Bicep Curl (Dumbbell)",2,35.0,10.0,0,0.0,
2025-10-08 18:04:36,"Back",24h 46min,"Bicep Curl (Dumbbell)",3,35.0,10.0,0,0.0,
2025-10-08 18:04:36,"Back",24h 46min,"Bicep Curl (Machine)",1,40.0,12.0,0,0.0,
2025-10-08 18:04:36,"Back",24h 46min,"Bicep Curl (Machine)",2,50.0,12.0,0,0.0,
2025-10-08 18:04:36,"Back",24h 46min,"Bicep Curl (Machine)",3,50.0,12.0,0,0.0,
2025-10-09 18:51:01,"Chest",92h,"Chest Press (Machine)",W,40.0,12.0,0,0.0,
2025-10-09 18:51:01,"Chest",92h,"Chest Press (Machine)",1,85.0,8.0,0,0.0,
2025-10-09 18:51:01,"Chest",92h,"Chest Press (Machine)",2,85.0,9.0,0,0.0,
2025-10-09 18:51:01,"Chest",92h,"Chest Press (Machine)",3,85.0,8.0,0,0.0,
2025-10-09 18:51:01,"Chest",92h,"Romanian Deadlift (Barbell)",1,95.0,12.0,0,0.0,
2025-10-09 18:51:01,"Chest",92h,"Romanian Deadlift (Barbell)",2,135.0,10.0,0,0.0,
2025-10-09 18:51:01,"Chest",92h,"Romanian Deadlift (Barbell)",3,135.0,10.0,0,0.0,
2025-10-09 18:51:01,"Chest",92h,"Incline Chest Press (Machine)",1,45.0,12.0,0,0.0,
2025-10-09 18:51:01,"Chest",92h,"Incline Chest Press (Machine)",2,125.0,12.0,0,0.0,
2025-10-09 18:51:01,"Chest",92h,"Incline Chest Press (Machine)",3,135.0,11.0,0,0.0,
2025-10-09 18:51:01,"Chest",92h,"Incline Chest Press (Machine)",4,135.0,10.0,0,0.0,
2025-10-09 18:51:01,"Chest",92h,"One Arm Tricep Cable Pushdown",1,10.0,15.0,0,0.0,
2025-10-09 18:51:01,"Chest",92h,"One Arm Tricep Cable Pushdown",2,10.0,15.0,0,0.0,
2025-10-09 18:51:01,"Chest",92h,"One Arm Tricep Cable Pushdown",3,10.0,12.0,0,0.0,
2025-10-09 18:51:01,"Chest",92h,"Chest Fly",1,150.0,10.0,0,0.0,
2025-10-09 18:51:01,"Chest",92h,"Chest Fly",2,150.0,10.0,0,0.0,
2025-10-09 18:51:01,"Chest",92h,"Chest Fly",3,150.0,10.0,0,0.0,
2025-10-13 14:51:43,"Legs",26h 40min,"Hack Squat",1,180.0,8.0,0,0.0,
2025-10-13 14:51:43,"Legs",26h 40min,"Hack Squat",2,270.0,8.0,0,0.0,
2025-10-13 14:51:43,"Legs",26h 40min,"Hack Squat",3,290.0,8.0,0,0.0,
2025-10-13 14:51:43,"Legs",26h 40min,"Hack Squat",4,290.0,8.0,0,0.0,
2025-10-13 14:51:43,"Legs",26h 40min,"Hack Squat",5,290.0,8.0,0,0.0,
2025-10-13 14:51:43,"Legs",26h 40min,"Leg Extension (Machine)",1,110.0,12.0,0,0.0,
2025-10-13 14:51:43,"Legs",26h 40min,"Leg Extension (Machine)",2,135.0,12.0,0,0.0,
2025-10-13 14:51:43,"Legs",26h 40min,"Leg Extension (Machine)",3,135.0,12.0,0,0.0,
2025-10-13 14:51:43,"Legs",26h 40min,"Leg Extension (Machine)",4,135.0,12.0,0,0.0,
2025-10-13 14:51:43,"Legs",26h 40min,"Lying Leg Curl (Machine)",1,140.0,12.0,0,0.0,
2025-10-13 14:51:43,"Legs",26h 40min,"Lying Leg Curl (Machine)",2,150.0,12.0,0,0.0,
2025-10-13 14:51:43,"Legs",26h 40min,"Lying Leg Curl (Machine)",3,150.0,12.0,0,0.0,
2025-10-13 14:51:43,"Legs",26h 40min,"Standing Calf Raise (Machine)",1,190.0,16.0,0,0.0,
2025-10-13 14:51:43,"Legs",26h 40min,"Standing Calf Raise (Machine)",2,190.0,16.0,0,0.0,
2025-10-13 14:51:43,"Legs",26h 40min,"Standing Calf Raise (Machine)",3,190.0,16.0,0,0.0,
2025-10-14 17:32:52,"Back",169h 33min,"Lat Pulldown (Cable)",1,25.0,12.0,0,0.0,
2025-10-14 17:32:52,"Back",169h 33min,"Lat Pulldown (Cable)",2,60.0,8.0,0,0.0,
2025-10-14 17:32:52,"Back",169h 33min,"Lat Pulldown (Cable)",3,60.0,10.0,0,0.0,
2025-10-14 17:32:52,"Back",169h 33min,"Lat Pulldown (Cable)",4,60.0,10.0,0,0.0,
2025-10-14 17:32:52,"Back",169h 33min,"Bent Over Row (Barbell)",1,45.0,12.0,0,0.0,
2025-10-14 17:32:52,"Back",169h 33min,"Bent Over Row (Barbell)",2,135.0,12.0,0,0.0,
2025-10-14 17:32:52,"Back",169h 33min,"Bent Over Row (Barbell)",3,145.0,9.0,0,0.0,
2025-10-14 17:32:52,"Back",169h 33min,"Bent Over Row (Barbell)",4,145.0,9.0,0,0.0,
2025-10-14 17:32:52,"Back",169h 33min,"Seated Row (Cable)",1,50.0,12.0,0,0.0,
2025-10-14 17:32:52,"Back",169h 33min,"Seated Row (Cable)",2,60.0,12.0,0,0.0,
2025-10-14 17:32:52,"Back",169h 33min,"Seated Row (Cable)",3,62.5,10.0,0,0.0,
2025-10-14 17:32:52,"Back",169h 33min,"Seated Row (Cable)",4,50.0,13.0,0,0.0,
2025-10-14 17:32:52,"Back",169h 33min,"Incline Curl (Dumbbell)",1,22.5,12.0,0,0.0,
2025-10-14 17:32:52,"Back",169h 33min,"Incline Curl (Dumbbell)",2,22.5,12.0,0,0.0,
2025-10-14 17:32:52,"Back",169h 33min,"Incline Curl (Dumbbell)",3,22.5,14.0,0,0.0,
2025-10-14 17:32:52,"Back",169h 33min,"Incline Curl (Dumbbell)",4,22.5,12.0,0,0.0,
2025-10-21 19:06:44,"Chest",23h 53min,"Incline Bench Press (Dumbbell)",1,30.0,12.0,0,0.0,
2025-10-21 19:06:44,"Chest",23h 53min,"Incline Bench Press (Dumbbell)",2,65.0,10.0,0,0.0,
2025-10-21 19:06:44,"Chest",23h 53min,"Incline Bench Press (Dumbbell)",3,65.0,10.0,0,0.0,
2025-10-21 19:06:44,"Chest",23h 53min,"Incline Bench Press (Dumbbell)",4,65.0,11.0,0,0.0,
2025-10-21 19:06:44,"Chest",23h 53min,"Chest Press (Machine)",W,40.0,12.0,0,0.0,
2025-10-21 19:06:44,"Chest",23h 53min,"Chest Press (Machine)",1,85.0,9.0,0,0.0,
2025-10-21 19:06:44,"Chest",23h 53min,"Chest Press (Machine)",2,85.0,9.0,0,0.0,
2025-10-21 19:06:44,"Chest",23h 53min,"Chest Press (Machine)",3,85.0,8.0,0,0.0,
2025-10-21 19:06:44,"Chest",23h 53min,"One Arm Tricep Cable Pushdown",1,15.0,15.0,0,0.0,
2025-10-21 19:06:44,"Chest",23h 53min,"One Arm Tricep Cable Pushdown",2,15.0,15.0,0,0.0,
2025-10-21 19:06:44,"Chest",23h 53min,"One Arm Tricep Cable Pushdown",3,15.0,15.0,0,0.0,
2025-10-21 19:06:44,"Chest",23h 53min,"Triceps Extension (Cable)",1,10.0,12.0,0,0.0,
2025-10-21 19:06:44,"Chest",23h 53min,"Triceps Extension (Cable)",2,10.0,12.0,0,0.0,
2025-10-21 19:06:44,"Chest",23h 53min,"Triceps Extension (Cable)",3,10.0,12.0,0,0.0,
2025-10-21 19:06:44,"Chest",23h 53min,"Chest Fly",1,150.0,10.0,0,0.0,
2025-10-21 19:06:44,"Chest",23h 53min,"Chest Fly",2,150.0,10.0,0,0.0,
2025-10-21 19:06:44,"Chest",23h 53min,"Chest Fly",3,150.0,10.0,0,0.0,
2025-10-22 19:00:44,"Back",119h 20min,"Bent Over Row (Barbell)",1,45.0,12.0,0,0.0,
2025-10-22 19:00:44,"Back",119h 20min,"Bent Over Row (Barbell)",2,155.0,8.0,0,0.0,
2025-10-22 19:00:44,"Back",119h 20min,"Bent Over Row (Barbell)",3,155.0,8.0,0,0.0,
2025-10-22 19:00:44,"Back",119h 20min,"Bent Over Row (Barbell)",4,155.0,8.0,0,0.0,
2025-10-22 19:00:44,"Back",119h 20min,"Seated Row (Cable)",1,50.0,12.0,0,0.0,
2025-10-22 19:00:44,"Back",119h 20min,"Seated Row (Cable)",2,60.0,12.0,0,0.0,
2025-10-22 19:00:44,"Back",119h 20min,"Seated Row (Cable)",3,60.0,13.0,0,0.0,
2025-10-22 19:00:44,"Back",119h 20min,"Seated Row (Cable)",4,60.0,13.0,0,0.0,
2025-10-22 19:00:44,"Back",119h 20min,"Lat Pulldown (Cable)",1,25.0,12.0,0,0.0,
2025-10-22 19:00:44,"Back",119h 20min,"Lat Pulldown (Cable)",2,60.0,8.0,0,0.0,
2025-10-22 19:00:44,"Back",119h 20min,"Lat Pulldown (Cable)",3,60.0,12.0,0,0.0,
2025-10-22 19:00:44,"Back",119h 20min,"Lat Pulldown (Cable)",4,60.0,12.0,0,0.0,
2025-10-22 19:00:44,"Back",119h 20min,"Preacher Curl (Machine)",1,80.0,12.0,0,0.0,
2025-10-22 19:00:44,"Back",119h 20min,"Preacher Curl (Machine)",2,90.0,10.0,0,0.0,
2025-10-27 18:21:51,"Legs",169h 11min,"Leg Press",W,90.0,12.0,0,0.0,
2025-10-27 18:21:51,"Legs",169h 11min,"Leg Press",1,180.0,12.0,0,0.0,
2025-10-27 18:21:51,"Legs",169h 11min,"Leg Press",2,270.0,10.0,0,0.0,
2025-10-27 18:21:51,"Legs",169h 11min,"Leg Press",3,320.0,10.0,0,0.0,
2025-10-27 18:21:51,"Legs",169h 11min,"Leg Press",4,320.0,10.0,0,0.0,
2025-10-27 18:21:51,"Legs",169h 11min,"Lying Leg Curl (Machine)",1,150.0,12.0,0,0.0,
2025-10-27 18:21:51,"Legs",169h 11min,"Lying Leg Curl (Machine)",2,160.0,12.0,0,0.0,
2025-10-27 18:21:51,"Legs",169h 11min,"Lying Leg Curl (Machine)",3,160.0,12.0,0,0.0,
2025-10-27 18:21:51,"Legs",169h 11min,"Hack Squat",1,180.0,8.0,0,0.0,
2025-10-27 18:21:51,"Legs",169h 11min,"Hack Squat",2,270.0,8.0,0,0.0,
2025-10-27 18:21:51,"Legs",169h 11min,"Hack Squat",3,270.0,8.0,0,0.0,
2025-11-03 18:33:13,"Back",24h 19min,"Lat Pulldown (Cable)",1,25.0,12.0,0,0.0,
2025-11-03 18:33:13,"Back",24h 19min,"Lat Pulldown (Cable)",2,60.0,10.0,0,0.0,
2025-11-03 18:33:13,"Back",24h 19min,"Lat Pulldown (Cable)",3,60.0,12.0,0,0.0,
2025-11-03 18:33:13,"Back",24h 19min,"Lat Pulldown (Cable)",4,60.0,12.0,0,0.0,
2025-11-03 18:33:13,"Back",24h 19min,"Barbell T Bar Row",W,35.0,10.0,0,0.0,
2025-11-03 18:33:13,"Back",24h 19min,"Barbell T Bar Row",1,70.0,10.0,0,0.0,
2025-11-03 18:33:13,"Back",24h 19min,"Barbell T Bar Row",2,105.0,10.0,0,0.0,
2025-11-03 18:33:13,"Back",24h 19min,"Barbell T Bar Row",3,130.0,10.0,0,0.0,
2025-11-03 18:33:13,"Back",24h 19min,"Barbell T Bar Row",4,130.0,8.0,0,0.0,
2025-11-03 18:33:13,"Back",24h 19min,"Preacher Curl (Machine)",1,70.0,12.0,0,0.0,
2025-11-03 18:33:13,"Back",24h 19min,"Preacher Curl (Machine)",2,90.0,10.0,0,0.0,
2025-11-03 18:33:13,"Back",24h 19min,"Preacher Curl (Machine)",3,90.0,10.0,0,0.0,
2025-11-03 18:33:13,"Back",24h 19min,"Preacher Curl (Machine)",4,90.0,8.0,0,0.0,
2025-11-03 18:33:13,"Back",24h 19min,"Seated Row (Cable)",1,50.0,12.0,0,0.0,
2025-11-03 18:33:13,"Back",24h 19min,"Seated Row (Cable)",2,60.0,12.0,0,0.0,
2025-11-03 18:33:13,"Back",24h 19min,"Seated Row (Cable)",3,65.0,12.0,0,0.0,
2025-11-03 18:33:13,"Back",24h 19min,"Seated Row (Cable)",4,65.0,13.0,0,0.0,
2025-11-04 18:52:42,"Chest",47h 58min,"Chest Press (Machine)",W,40.0,12.0,0,0.0,
2025-11-04 18:52:42,"Chest",47h 58min,"Chest Press (Machine)",1,85.0,10.0,0,0.0,
2025-11-04 18:52:42,"Chest",47h 58min,"Chest Press (Machine)",2,85.0,10.0,0,0.0,
2025-11-04 18:52:42,"Chest",47h 58min,"Chest Press (Machine)",3,85.0,10.0,0,0.0,
2025-11-04 18:52:42,"Chest",47h 58min,"Incline Bench Press (Dumbbell)",1,30.0,12.0,0,0.0,
2025-11-04 18:52:42,"Chest",47h 58min,"Incline Bench Press (Dumbbell)",2,65.0,11.0,0,0.0,
2025-11-04 18:52:42,"Chest",47h 58min,"Incline Bench Press (Dumbbell)",3,65.0,9.0,0,0.0,
2025-11-04 18:52:42,"Chest",47h 58min,"Incline Bench Press (Dumbbell)",4,65.0,11.0,0,0.0,
2025-11-04 18:52:42,"Chest",47h 58min,"Lateral Raise (Machine)",1,90.0,12.0,0,0.0,
2025-11-04 18:52:42,"Chest",47h 58min,"Lateral Raise (Machine)",2,90.0,12.0,0,0.0,
2025-11-04 18:52:42,"Chest",47h 58min,"Lateral Raise (Machine)",3,90.0,10.0,0,0.0,
2025-11-06 18:51:22,"Legs",95h 46min,"Leg Press",W,90.0,12.0,0,0.0,
2025-11-06 18:51:22,"Legs",95h 46min,"Leg Press",1,180.0,12.0,0,0.0,
2025-11-06 18:51:22,"Legs",95h 46min,"Leg Press",2,320.0,11.0,0,0.0,
2025-11-06 18:51:22,"Legs",95h 46min,"Leg Press",3,320.0,11.0,0,0.0,
2025-11-06 18:51:22,"Legs",95h 46min,"Leg Press",4,320.0,11.0,0,0.0,
2025-11-06 18:51:22,"Legs",95h 46min,"Lying Leg Curl (Machine)",1,160.0,12.0,0,0.0,
2025-11-06 18:51:22,"Legs",95h 46min,"Lying Leg Curl (Machine)",2,160.0,11.0,0,0.0,
2025-11-06 18:51:22,"Legs",95h 46min,"Lying Leg Curl (Machine)",3,160.0,11.0,0,0.0,
2025-11-06 18:51:22,"Legs",95h 46min,"Romanian Deadlift (Barbell)",1,135.0,6.0,0,0.0,
2025-11-06 18:51:22,"Legs",95h 46min,"Romanian Deadlift (Barbell)",2,135.0,6.0,0,0.0,
2025-11-06 18:51:22,"Legs",95h 46min,"Romanian Deadlift (Barbell)",3,135.0,6.0,0,0.0,
2025-11-10 18:54:46,"Back",23h 46min,"Lat Pulldown (Cable)",1,25.0,12.0,0,0.0,
2025-11-10 18:54:46,"Back",23h 46min,"Lat Pulldown (Cable)",2,60.0,12.0,0,0.0,
2025-11-10 18:54:46,"Back",23h 46min,"Lat Pulldown (Cable)",3,70.0,6.0,0,0.0,
2025-11-10 18:54:46,"Back",23h 46min,"Lat Pulldown (Cable)",4,60.0,12.0,0,0.0,
2025-11-10 18:54:46,"Back",23h 46min,"Bent Over Row (Barbell)",1,45.0,12.0,0,0.0,
2025-11-10 18:54:46,"Back",23h 46min,"Bent Over Row (Barbell)",2,135.0,8.0,0,0.0,
2025-11-10 18:54:46,"Back",23h 46min,"Bent Over Row (Barbell)",3,135.0,8.0,0,0.0,
2025-11-10 18:54:46,"Back",23h 46min,"Bent Over Row (Barbell)",4,135.0,8.0,0,0.0,
2025-11-10 18:54:46,"Back",23h 46min,"Bent Over Row (Barbell)",5,135.0,8.0,0,0.0,
2025-11-10 18:54:46,"Back",23h 46min,"Seated Row (Cable)",1,60.0,12.0,0,0.0,
2025-11-10 18:54:46,"Back",23h 46min,"Seated Row (Cable)",2,60.0,12.0,0,0.0,
2025-11-10 18:54:46,"Back",23h 46min,"Seated Row (Cable)",3,60.0,11.0,0,0.0,
2025-11-10 18:54:46,"Back",23h 46min,"Bicep Curl (Machine)",1,55.0,12.0,0,0.0,
2025-11-10 18:54:46,"Back",23h 46min,"Bicep Curl (Machine)",2,55.0,12.0,0,0.0,
2025-11-10 18:54:46,"Back",23h 46min,"Bicep Curl (Machine)",3,55.0,12.0,0,0.0,
2025-11-11 18:42:08,"Legs",48h 25min,"Hack Squat",1,180.0,8.0,0,0.0,
2025-11-11 18:42:08,"Legs",48h 25min,"Hack Squat",2,280.0,8.0,0,0.0,
2025-11-11 18:42:08,"Legs",48h 25min,"Hack Squat",3,280.0,8.0,0,0.0,
2025-11-11 18:42:08,"Legs",48h 25min,"Hack Squat",4,290.0,8.0,0,0.0,
2025-11-11 18:42:08,"Legs",48h 25min,"Standing Calf Raise (Machine)",1,190.0,15.0,0,0.0,
2025-11-11 18:42:08,"Legs",48h 25min,"Standing Calf Raise (Machine)",2,190.0,15.0,0,0.0,
2025-11-11 18:42:08,"Legs",48h 25min,"Standing Calf Raise (Machine)",3,190.0,16.0,0,0.0,
2025-11-11 18:42:08,"Legs",48h 25min,"Leg Press",W,90.0,12.0,0,0.0,
2025-11-11 18:42:08,"Legs",48h 25min,"Leg Press",1,180.0,12.0,0,0.0,
2025-11-11 18:42:08,"Legs",48h 25min,"Leg Press",2,270.0,10.0,0,0.0,
2025-11-11 18:42:08,"Legs",48h 25min,"Leg Press",3,320.0,10.0,0,0.0,
2025-11-11 18:42:08,"Legs",48h 25min,"Leg Press",4,320.0,10.0,0,0.0,
2025-11-11 18:42:08,"Legs",48h 25min,"Romanian Deadlift (Barbell)",1,135.0,8.0,0,0.0,
2025-11-11 18:42:08,"Legs",48h 25min,"Romanian Deadlift (Barbell)",2,135.0,6.0,0,0.0,
2025-11-11 18:42:08,"Legs",48h 25min,"Romanian Deadlift (Barbell)",3,135.0,6.0,0,0.0,
2025-11-13 19:07:17,"Chest",90h 57min,"Chest Press (Machine)",W,40.0,12.0,0,0.0,
2025-11-13 19:07:17,"Chest",90h 57min,"Chest Press (Machine)",1,70.0,12.0,0,0.0,
2025-11-13 19:07:17,"Chest",90h 57min,"Chest Press (Machine)",2,70.0,13.0,0,0.0,
2025-11-13 19:07:17,"Chest",90h 57min,"Chest Press (Machine)",3,70.0,13.0,0,0.0,
2025-11-13 19:07:17,"Chest",90h 57min,"Incline Chest Press (Machine)",1,45.0,12.0,0,0.0,
2025-11-13 19:07:17,"Chest",90h 57min,"Incline Chest Press (Machine)",2,135.0,7.0,0,0.0,
2025-11-13 19:07:17,"Chest",90h 57min,"Incline Chest Press (Machine)",3,135.0,9.0,0,0.0,
2025-11-13 19:07:17,"Chest",90h 57min,"Incline Chest Press (Machine)",4,135.0,10.0,0,0.0,
2025-11-13 19:07:17,"Chest",90h 57min,"One Arm Tricep Cable Pushdown",1,15.0,15.0,0,0.0,
2025-11-13 19:07:17,"Chest",90h 57min,"One Arm Tricep Cable Pushdown",2,15.0,15.0,0,0.0,
2025-11-13 19:07:17,"Chest",90h 57min,"One Arm Tricep Cable Pushdown",3,15.0,15.0,0,0.0,
2025-11-13 19:07:17,"Chest",90h 57min,"Lateral Raise (Machine)",1,90.0,12.0,0,0.0,
2025-11-13 19:07:17,"Chest",90h 57min,"Lateral Raise (Machine)",2,95.0,12.0,0,0.0,
2025-11-13 19:07:17,"Chest",90h 57min,"Lateral Raise (Machine)",3,95.0,12.0,0,0.0,
2025-11-17 14:05:04,"Back",51min,"Bent Over Row (Barbell)",1,45.0,12.0,0,0.0,
2025-11-17 14:05:04,"Back",51min,"Bent Over Row (Barbell)",2,135.0,10.0,0,0.0,
2025-11-17 14:05:04,"Back",51min,"Bent Over Row (Barbell)",3,135.0,10.0,0,0.0,
2025-11-17 14:05:04,"Back",51min,"Bent Over Row (Barbell)",4,135.0,10.0,0,0.0,
2025-11-17 14:05:04,"Back",51min,"Seated Row (Cable)",1,25.0,12.0,0,0.0,
2025-11-17 14:05:04,"Back",51min,"Seated Row (Cable)",2,70.0,10.0,0,0.0,
2025-11-17 14:05:04,"Back",51min,"Seated Row (Cable)",3,70.0,10.0,0,0.0,
2025-11-17 14:05:04,"Back",51min,"Lat Pulldown (Cable)",1,25.0,12.0,0,0.0,
2025-11-17 14:05:04,"Back",51min,"Lat Pulldown (Cable)",2,60.0,8.0,0,0.0,
2025-11-17 14:05:04,"Back",51min,"Lat Pulldown (Cable)",3,60.0,9.0,0,0.0,
2025-11-17 14:05:04,"Back",51min,"Lat Pulldown (Cable)",4,60.0,9.0,0,0.0,
2025-11-17 14:05:04,"Back",51min,"Incline Curl (Dumbbell)",1,25.0,10.0,0,0.0,
2025-11-17 14:05:04,"Back",51min,"Incline Curl (Dumbbell)",2,25.0,10.0,0,0.0,
2025-11-17 14:05:04,"Back",51min,"Incline Curl (Dumbbell)",3,25.0,10.0,0,0.0,
2025-11-17 14:05:04,"Back",51min,"Bicep Curl (Machine)",1,55.0,12.0,0,0.0,
2025-11-17 14:05:04,"Back",51min,"Bicep Curl (Machine)",2,55.0,12.0,0,0.0,
2025-11-17 14:05:04,"Back",51min,"Bicep Curl (Machine)",3,55.0,12.0,0,0.0,
2025-11-18 19:06:18,"Legs",167h 38min,"Hack Squat",1,180.0,8.0,0,0.0,
2025-11-18 19:06:18,"Legs",167h 38min,"Hack Squat",2,290.0,8.0,0,0.0,
2025-11-18 19:06:18,"Legs",167h 38min,"Hack Squat",3,300.0,8.0,0,0.0,
2025-11-18 19:06:18,"Legs",167h 38min,"Hack Squat",4,300.0,8.0,0,0.0,
2025-11-18 19:06:18,"Legs",167h 38min,"Hack Squat",5,300.0,8.0,0,0.0,
2025-11-18 19:06:18,"Legs",167h 38min,"Romanian Deadlift (Barbell)",1,135.0,8.0,0,0.0,
2025-11-18 19:06:18,"Legs",167h 38min,"Romanian Deadlift (Barbell)",2,135.0,8.0,0,0.0,
2025-11-18 19:06:18,"Legs",167h 38min,"Standing Calf Raise (Machine)",1,210.0,12.0,0,0.0,
2025-11-18 19:06:18,"Legs",167h 38min,"Standing Calf Raise (Machine)",2,210.0,10.0,0,0.0,
2025-11-18 19:06:18,"Legs",167h 38min,"Standing Calf Raise (Machine)",3,210.0,10.0,0,0.0,
2025-11-18 19:06:18,"Legs",167h 38min,"Single Leg Extension",1,75.0,12.0,0,0.0,
2025-11-18 19:06:18,"Legs",167h 38min,"Single Leg Extension",2,85.0,10.0,0,0.0,
2025-11-18 19:06:18,"Legs",167h 38min,"Single Leg Extension",3,85.0,10.0,0,0.0,
2025-11-25 18:45:33,"Legs",23h 34min,"Romanian Deadlift (Barbell)",1,135.0,8.0,0,0.0,
2025-11-25 18:45:33,"Legs",23h 34min,"Romanian Deadlift (Barbell)",2,135.0,8.0,0,0.0,
2025-11-25 18:45:33,"Legs",23h 34min,"Romanian Deadlift (Barbell)",3,135.0,9.0,0,0.0,
2025-11-25 18:45:33,"Legs",23h 34min,"Hack Squat",1,180.0,8.0,0,0.0,
2025-11-25 18:45:33,"Legs",23h 34min,"Hack Squat",2,320.0,8.0,0,0.0,
2025-11-25 18:45:33,"Legs",23h 34min,"Hack Squat",3,320.0,8.0,0,0.0,
2025-11-25 18:45:33,"Legs",23h 34min,"Hack Squat",4,320.0,8.0,0,0.0,
2025-11-25 18:45:33,"Legs",23h 34min,"Leg Extension (Machine)",1,140.0,12.0,0,0.0,
2025-11-25 18:45:33,"Legs",23h 34min,"Leg Extension (Machine)",2,140.0,12.0,0,0.0,
2025-11-25 18:45:33,"Legs",23h 34min,"Leg Extension (Machine)",3,140.0,12.0,0,0.0,
2025-11-26 18:20:39,"Back",144h 36min,"Lat Pulldown (Cable)",1,25.0,12.0,0,0.0,
2025-11-26 18:20:39,"Back",144h 36min,"Lat Pulldown (Cable)",2,60.0,11.0,0,0.0,
2025-11-26 18:20:39,"Back",144h 36min,"Lat Pulldown (Cable)",3,60.0,10.0,0,0.0,
2025-11-26 18:20:39,"Back",144h 36min,"Bent Over Row (Barbell)",1,45.0,12.0,0,0.0,
2025-11-26 18:20:39,"Back",144h 36min,"Bent Over Row (Barbell)",2,145.0,10.0,0,0.0,
2025-11-26 18:20:39,"Back",144h 36min,"Bent Over Row (Barbell)",3,145.0,9.0,0,0.0,
2025-11-26 18:20:39,"Back",144h 36min,"Bent Over Row (Barbell)",4,145.0,10.0,0,0.0,
2025-11-26 18:20:39,"Back",144h 36min,"Seated Row (Cable)",1,25.0,12.0,0,0.0,
2025-11-26 18:20:39,"Back",144h 36min,"Seated Row (Cable)",2,70.0,8.0,0,0.0,
2025-11-26 18:20:39,"Back",144h 36min,"Seated Row (Cable)",3,70.0,8.0,0,0.0,
2025-11-26 18:20:39,"Back",144h 36min,"Seated Row (Cable)",4,65.0,10.0,0,0.0,
2025-11-26 18:20:39,"Back",144h 36min,"Incline Curl (Dumbbell)",1,20.0,12.0,0,0.0,
2025-11-26 18:20:39,"Back",144h 36min,"Incline Curl (Dumbbell)",2,25.0,12.0,0,0.0,
2025-11-26 18:20:39,"Back",144h 36min,"Incline Curl (Dumbbell)",3,25.0,12.0,0,0.0,
2025-12-02 18:57:04,"Chest",23h 53min,"Incline Chest Press (Machine)",1,45.0,12.0,0,0.0,
2025-12-02 18:57:04,"Chest",23h 53min,"Incline Chest Press (Machine)",2,120.0,12.0,0,0.0,
2025-12-02 18:57:04,"Chest",23h 53min,"Incline Chest Press (Machine)",3,135.0,12.0,0,0.0,
2025-12-02 18:57:04,"Chest",23h 53min,"Incline Chest Press (Machine)",4,135.0,12.0,0,0.0,
2025-12-02 18:57:04,"Chest",23h 53min,"Incline Chest Press (Machine)",5,135.0,12.0,0,0.0,
2025-12-02 18:57:04,"Chest",23h 53min,"Chest Fly",1,140.0,12.0,0,0.0,
2025-12-02 18:57:04,"Chest",23h 53min,"Chest Fly",2,140.0,12.0,0,0.0,
2025-12-02 18:57:04,"Chest",23h 53min,"Chest Fly",3,140.0,12.0,0,0.0,
2025-12-02 18:57:04,"Chest",23h 53min,"Incline Bench Press (Dumbbell)",1,30.0,12.0,0,0.0,
2025-12-02 18:57:04,"Chest",23h 53min,"Incline Bench Press (Dumbbell)",2,55.0,12.0,0,0.0,
2025-12-02 18:57:04,"Chest",23h 53min,"Incline Bench Press (Dumbbell)",3,55.0,12.0,0,0.0,
2025-12-02 18:57:04,"Chest",23h 53min,"Incline Bench Press (Dumbbell)",4,55.0,12.0,0,0.0,
2025-12-02 18:57:04,"Chest",23h 53min,"Chest Press (Machine)",W,40.0,12.0,0,0.0,
2025-12-02 18:57:04,"Chest",23h 53min,"Chest Press (Machine)",1,70.0,12.0,0,0.0,
2025-12-02 18:57:04,"Chest",23h 53min,"Chest Press (Machine)",2,80.0,12.0,0,0.0,
2025-12-02 18:57:04,"Chest",23h 53min,"Chest Press (Machine)",3,80.0,12.0,0,0.0,
2025-12-02 18:57:04,"Chest",23h 53min,"One Arm Tricep Cable Pushdown",1,15.0,15.0,0,0.0,
2025-12-02 18:57:04,"Chest",23h 53min,"One Arm Tricep Cable Pushdown",2,15.0,15.0,0,0.0,
2025-12-02 18:57:04,"Chest",23h 53min,"One Arm Tricep Cable Pushdown",3,15.0,15.0,0,0.0,
2025-12-02 18:57:04,"Chest",23h 53min,"Triceps Extension (Cable)",1,10.0,12.0,0,0.0,
2025-12-02 18:57:04,"Chest",23h 53min,"Triceps Extension (Cable)",2,10.0,12.0,0,0.0,
2025-12-02 18:57:04,"Chest",23h 53min,"Triceps Extension (Cable)",3,10.0,12.0,0,0.0,
2025-12-03 18:50:31,"Back",167h 59min,"Lat Pulldown (Cable)",1,25.0,12.0,0,0.0,
2025-12-03 18:50:31,"Back",167h 59min,"Lat Pulldown (Cable)",2,60.0,12.0,0,0.0,
2025-12-03 18:50:31,"Back",167h 59min,"Lat Pulldown (Cable)",3,60.0,12.0,0,0.0,
2025-12-03 18:50:31,"Back",167h 59min,"Lat Pulldown (Cable)",4,60.0,12.0,0,0.0,
2025-12-03 18:50:31,"Back",167h 59min,"Bent Over Row (Barbell)",1,45.0,12.0,0,0.0,
2025-12-03 18:50:31,"Back",167h 59min,"Bent Over Row (Barbell)",2,100.0,12.0,0,0.0,
2025-12-03 18:50:31,"Back",167h 59min,"Bent Over Row (Barbell)",3,100.0,12.0,0,0.0,
2025-12-03 18:50:31,"Back",167h 59min,"Bent Over Row (Barbell)",4,100.0,12.0,0,0.0,
2025-12-03 18:50:31,"Back",167h 59min,"Bicep Curl (Dumbbell)",1,30.0,13.0,0,0.0,
2025-12-03 18:50:31,"Back",167h 59min,"Bicep Curl (Dumbbell)",2,30.0,12.0,0,0.0,
2025-12-10 18:50:08,"Back",143h 34min,"Lat Pulldown (Cable)",1,25.0,12.0,0,0.0,
2025-12-10 18:50:08,"Back",143h 34min,"Lat Pulldown (Cable)",2,60.0,12.0,0,0.0,
2025-12-10 18:50:08,"Back",143h 34min,"Lat Pulldown (Cable)",3,70.0,9.0,0,0.0,
2025-12-10 18:50:08,"Back",143h 34min,"Lat Pulldown (Cable)",4,70.0,9.0,0,0.0,
2025-12-10 18:50:08,"Back",143h 34min,"Bent Over Row (Barbell)",1,45.0,12.0,0,0.0,
2025-12-10 18:50:08,"Back",143h 34min,"Bent Over Row (Barbell)",2,100.0,12.0,0,0.0,
2025-12-10 18:50:08,"Back",143h 34min,"Bent Over Row (Barbell)",3,145.0,12.0,0,0.0,
2025-12-10 18:50:08,"Back",143h 34min,"Bent Over Row (Barbell)",4,145.0,12.0,0,0.0,
2025-12-10 18:50:08,"Back",143h 34min,"Bent Over Row (Barbell)",5,145.0,12.0,0,0.0,
2025-12-10 18:50:08,"Back",143h 34min,"Seated Row (Cable)",1,25.0,12.0,0,0.0,
2025-12-10 18:50:08,"Back",143h 34min,"Seated Row (Cable)",2,75.0,10.0,0,0.0,
2025-12-10 18:50:08,"Back",143h 34min,"Seated Row (Cable)",3,75.0,10.0,0,0.0,
2025-12-10 18:50:08,"Back",143h 34min,"Seated Row (Cable)",4,75.0,10.0,0,0.0,
2025-12-10 18:50:08,"Back",143h 34min,"Incline Curl (Dumbbell)",1,20.0,12.0,0,0.0,
2025-12-10 18:50:08,"Back",143h 34min,"Incline Curl (Dumbbell)",2,25.0,12.0,0,0.0,
2025-12-10 18:50:08,"Back",143h 34min,"Incline Curl (Dumbbell)",3,25.0,12.0,0,0.0,
2025-12-10 18:50:08,"Back",143h 34min,"Incline Curl (Dumbbell)",4,22.5,12.0,0,0.0,
2025-12-16 18:27:33,"Back",24h 40min,"Lat Pulldown (Cable)",1,25.0,12.0,0,0.0,
2025-12-16 18:27:33,"Back",24h 40min,"Lat Pulldown (Cable)",2,60.0,10.0,0,0.0,
2025-12-16 18:27:33,"Back",24h 40min,"Lat Pulldown (Cable)",3,70.0,9.0,0,0.0,
2025-12-16 18:27:33,"Back",24h 40min,"Lat Pulldown (Cable)",4,70.0,9.0,0,0.0,
2025-12-16 18:27:33,"Back",24h 40min,"Bent Over Row (Barbell)",1,45.0,12.0,0,0.0,
2025-12-16 18:27:33,"Back",24h 40min,"Bent Over Row (Barbell)",2,100.0,12.0,0,0.0,
2025-12-16 18:27:33,"Back",24h 40min,"Bent Over Row (Barbell)",3,155.0,8.0,0,0.0,
2025-12-16 18:27:33,"Back",24h 40min,"Bent Over Row (Barbell)",4,155.0,8.0,0,0.0,
2025-12-16 18:27:33,"Back",24h 40min,"Bent Over Row (Barbell)",5,155.0,8.0,0,0.0,
2025-12-16 18:27:33,"Back",24h 40min,"Seated Row (Cable)",1,25.0,12.0,0,0.0,
2025-12-16 18:27:33,"Back",24h 40min,"Seated Row (Cable)",2,70.0,8.0,0,0.0,
2025-12-16 18:27:33,"Back",24h 40min,"Seated Row (Cable)",3,60.0,12.0,0,0.0,
2025-12-16 18:27:33,"Back",24h 40min,"Seated Row (Cable)",4,60.0,12.0,0,0.0,
2025-12-16 18:27:33,"Back",24h 40min,"Bicep Curl (Dumbbell)",1,30.0,13.0,0,0.0,
2025-12-16 18:27:33,"Back",24h 40min,"Bicep Curl (Dumbbell)",2,30.0,12.0,0,0.0,
2025-12-16 18:27:33,"Back",24h 40min,"Bicep Curl (Dumbbell)",3,30.0,12.0,0,0.0,
2025-12-23 15:58:34,"Back",24h 7min,"Lat Pulldown (Cable)",1,25.0,12.0,0,0.0,
2025-12-23 15:58:34,"Back",24h 7min,"Lat Pulldown (Cable)",2,70.0,9.0,0,0.0,
2025-12-23 15:58:34,"Back",24h 7min,"Lat Pulldown (Cable)",3,70.0,9.0,0,0.0,
2025-12-23 15:58:34,"Back",24h 7min,"Lat Pulldown (Cable)",4,70.0,9.0,0,0.0,
2025-12-23 15:58:34,"Back",24h 7min,"Bent Over Row (Barbell)",1,45.0,12.0,0,0.0,
2025-12-23 15:58:34,"Back",24h 7min,"Bent Over Row (Barbell)",2,135.0,12.0,0,0.0,
2025-12-23 15:58:34,"Back",24h 7min,"Bent Over Row (Barbell)",3,155.0,10.0,0,0.0,
2025-12-23 15:58:34,"Back",24h 7min,"Bent Over Row (Barbell)",4,155.0,10.0,0,0.0,
2025-12-23 15:58:34,"Back",24h 7min,"Chest Press (Machine)",W,40.0,12.0,0,0.0,
2025-12-23 15:58:34,"Back",24h 7min,"Chest Press (Machine)",1,80.0,11.0,0,0.0,
2025-12-23 15:58:34,"Back",24h 7min,"Chest Press (Machine)",2,80.0,11.0,0,0.0,
2025-12-23 15:58:34,"Back",24h 7min,"Chest Press (Machine)",3,80.0,100.0,0,0.0,
2025-12-23 15:58:34,"Back",24h 7min,"Incline Chest Press (Machine)",1,45.0,12.0,0,0.0,
2025-12-23 15:58:34,"Back",24h 7min,"Incline Chest Press (Machine)",2,135.0,12.0,0,0.0,
2025-12-23 15:58:34,"Back",24h 7min,"Incline Chest Press (Machine)",3,135.0,9.0,0,0.0,
2025-12-23 15:58:34,"Back",24h 7min,"Incline Chest Press (Machine)",4,135.0,9.0,0,0.0,
2025-12-23 15:58:34,"Back",24h 7min,"Incline Curl (Dumbbell)",1,22.5,12.0,0,0.0,
2025-12-23 15:58:34,"Back",24h 7min,"Incline Curl (Dumbbell)",2,25.0,12.0,0,0.0,
2025-12-23 15:58:34,"Back",24h 7min,"Incline Curl (Dumbbell)",3,25.0,12.0,0,0.0,
2025-12-23 15:58:34,"Back",24h 7min,"Incline Curl (Dumbbell)",4,25.0,12.0,0,0.0,
2025-12-24 16:06:21,"Legs",91h 42min,"Standing Calf Raise (Machine)",1,190.0,12.0,0,0.0,
2025-12-24 16:06:21,"Legs",91h 42min,"Standing Calf Raise (Machine)",2,190.0,12.0,0,0.0,
2025-12-24 16:06:21,"Legs",91h 42min,"Standing Calf Raise (Machine)",3,190.0,10.0,0,0.0,
2025-12-24 16:06:21,"Legs",91h 42min,"Romanian Deadlift (Barbell)",1,135.0,8.0,0,0.0,
2025-12-24 16:06:21,"Legs",91h 42min,"Romanian Deadlift (Barbell)",2,145.0,8.0,0,0.0,
2025-12-24 16:06:21,"Legs",91h 42min,"Romanian Deadlift (Barbell)",3,145.0,8.0,0,0.0,
2025-12-24 16:06:21,"Legs",91h 42min,"Hack Squat",1,180.0,8.0,0,0.0,
2025-12-24 16:06:21,"Legs",91h 42min,"Hack Squat",2,270.0,8.0,0,0.0,
2025-12-24 16:06:21,"Legs",91h 42min,"Hack Squat",3,270.0,8.0,0,0.0,
2025-12-24 16:06:21,"Legs",91h 42min,"Hack Squat",4,270.0,8.0,0,0.0,
2025-12-24 16:06:21,"Legs",91h 42min,"Leg Extension (Machine)",1,110.0,12.0,0,0.0,
2025-12-24 16:06:21,"Legs",91h 42min,"Leg Extension (Machine)",2,130.0,12.0,0,0.0,
2025-12-24 16:06:21,"Legs",91h 42min,"Leg Extension (Machine)",3,140.0,12.0,0,0.0,
2025-12-24 16:06:21,"Legs",91h 42min,"Leg Extension (Machine)",4,140.0,12.0,0,0.0,
2025-12-28 11:48:54,"Chest",48h 15min,"Chest Press (Machine)",W,40.0,12.0,0,0.0,
2025-12-28 11:48:54,"Chest",48h 15min,"Chest Press (Machine)",1,80.0,10.0,0,0.0,
2025-12-28 11:48:54,"Chest",48h 15min,"Chest Press (Machine)",2,80.0,11.0,0,0.0,
2025-12-28 11:48:54,"Chest",48h 15min,"Chest Press (Machine)",3,80.0,11.0,0,0.0,
2025-12-28 11:48:54,"Chest",48h 15min,"Chest Fly (Band)",1,12.5,12.0,0,0.0,
2025-12-28 11:48:54,"Chest",48h 15min,"Chest Fly (Band)",2,17.5,12.0,0,0.0,
2025-12-28 11:48:54,"Chest",48h 15min,"Chest Fly (Band)",3,17.5,12.0,0,0.0,
2025-12-28 11:48:54,"Chest",48h 15min,"One Arm Tricep Cable Pushdown",1,5.0,12.0,0,0.0,
2025-12-28 11:48:54,"Chest",48h 15min,"One Arm Tricep Cable Pushdown",2,10.0,12.0,0,0.0,
2025-12-28 11:48:54,"Chest",48h 15min,"One Arm Tricep Cable Pushdown",3,10.0,12.0,0,0.0,
2025-12-28 11:48:54,"Chest",48h 15min,"Triceps Extension (Cable)",1,10.0,12.0,0,0.0,
2025-12-28 11:48:54,"Chest",48h 15min,"Triceps Extension (Cable)",2,5.0,12.0,0,0.0,
2025-12-28 11:48:54,"Chest",48h 15min,"Triceps Extension (Cable)",3,5.0,12.0,0,0.0,
2025-12-28 11:48:54,"Chest",48h 15min,"Incline Chest Press (Machine)",1,45.0,12.0,0,0.0,
2025-12-28 11:48:54,"Chest",48h 15min,"Incline Chest Press (Machine)",2,135.0,12.0,0,0.0,
2025-12-28 11:48:54,"Chest",48h 15min,"Incline Chest Press (Machine)",3,140.0,10.0,0,0.0,
2025-12-28 11:48:54,"Chest",48h 15min,"Incline Chest Press (Machine)",4,140.0,10.0,0,0.0,
2025-12-28 11:48:54,"Chest",48h 15min,"Incline Curl (Dumbbell)",1,25.0,10.0,0,0.0,
2025-12-28 11:48:54,"Chest",48h 15min,"Incline Curl (Dumbbell)",2,25.0,10.0,0,0.0,
2025-12-28 11:48:54,"Chest",48h 15min,"Incline Curl (Dumbbell)",3,25.0,10.0,0,0.0,
2025-12-30 12:04:48,"Back",73h 48min,"Lat Pulldown (Cable)",1,25.0,12.0,0,0.0,
2025-12-30 12:04:48,"Back",73h 48min,"Lat Pulldown (Cable)",2,70.0,9.0,0,0.0,
2025-12-30 12:04:48,"Back",73h 48min,"Lat Pulldown (Cable)",3,70.0,8.0,0,0.0,
2025-12-30 12:04:48,"Back",73h 48min,"Lat Pulldown (Cable)",4,70.0,5.0,0,0.0,
2025-12-30 12:04:48,"Back",73h 48min,"Bent Over Row (Barbell)",1,45.0,12.0,0,0.0,
2025-12-30 12:04:48,"Back",73h 48min,"Bent Over Row (Barbell)",2,135.0,10.0,0,0.0,
2025-12-30 12:04:48,"Back",73h 48min,"Bent Over Row (Barbell)",3,135.0,12.0,0,0.0,
2025-12-30 12:04:48,"Back",73h 48min,"Bent Over Row (Barbell)",4,135.0,12.0,0,0.0,
2025-12-30 12:04:48,"Back",73h 48min,"Seated Row (Cable)",1,25.0,12.0,0,0.0,
2025-12-30 12:04:48,"Back",73h 48min,"Seated Row (Cable)",2,65.0,12.0,0,0.0,
2025-12-30 12:04:48,"Back",73h 48min,"Seated Row (Cable)",3,65.0,12.0,0,0.0,
2025-12-30 12:04:48,"Back",73h 48min,"Seated Row (Cable)",4,65.0,12.0,0,0.0,
2026-01-02 13:52:59,"Legs",77h 8min,"Lying Leg Curl (Machine)",1,130.0,12.0,0,0.0,
2026-01-02 13:52:59,"Legs",77h 8min,"Lying Leg Curl (Machine)",2,140.0,12.0,0,0.0,
2026-01-02 13:52:59,"Legs",77h 8min,"Lying Leg Curl (Machine)",3,150.0,12.0,0,0.0,
2026-01-02 13:52:59,"Legs",77h 8min,"Romanian Deadlift (Barbell)",1,95.0,10.0,0,0.0,
2026-01-02 13:52:59,"Legs",77h 8min,"Romanian Deadlift (Barbell)",2,115.0,10.0,0,0.0,
2026-01-02 13:52:59,"Legs",77h 8min,"Romanian Deadlift (Barbell)",3,115.0,10.0,0,0.0,
2026-01-02 13:52:59,"Legs",77h 8min,"Leg Extension (Machine)",1,130.0,12.0,0,0.0,
2026-01-02 13:52:59,"Legs",77h 8min,"Leg Extension (Machine)",2,130.0,12.0,0,0.0,
2026-01-02 13:52:59,"Legs",77h 8min,"Leg Extension (Machine)",3,140.0,12.0,0,0.0,
2026-01-02 13:52:59,"Legs",77h 8min,"Crunch (Machine)",1,45.0,20.0,0,0.0,
2026-01-02 13:52:59,"Legs",77h 8min,"Crunch (Machine)",2,55.0,15.0,0,0.0,
2026-01-02 13:52:59,"Legs",77h 8min,"Crunch (Machine)",3,55.0,15.0,0,0.0,
2026-01-05 19:02:00,"Back",23h 35min,"Lat Pulldown (Cable)",1,25.0,12.0,0,0.0,
2026-01-05 19:02:00,"Back",23h 35min,"Lat Pulldown (Cable)",2,70.0,8.0,0,0.0,
2026-01-05 19:02:00,"Back",23h 35min,"Lat Pulldown (Cable)",3,70.0,8.0,0,0.0,
2026-01-05 19:02:00,"Back",23h 35min,"Lat Pulldown (Cable)",4,70.0,6.0,0,0.0,
2026-01-05 19:02:00,"Back",23h 35min,"Bent Over Row (Barbell)",1,45.0,12.0,0,0.0,
2026-01-05 19:02:00,"Back",23h 35min,"Bent Over Row (Barbell)",2,135.0,10.0,0,0.0,
2026-01-05 19:02:00,"Back",23h 35min,"Bent Over Row (Barbell)",3,135.0,10.0,0,0.0,
2026-01-05 19:02:00,"Back",23h 35min,"Bent Over Row (Barbell)",4,135.0,10.0,0,0.0,
2026-01-05 19:02:00,"Back",23h 35min,"Seated Wide-Grip Row (Cable)",1,25.0,10.0,0,0.0,
2026-01-05 19:02:00,"Back",23h 35min,"Seated Wide-Grip Row (Cable)",2,60.0,11.0,0,0.0,
2026-01-05 19:02:00,"Back",23h 35min,"Seated Wide-Grip Row (Cable)",3,60.0,11.0,0,0.0,
2026-01-05 19:02:00,"Back",23h 35min,"Seated Wide-Grip Row (Cable)",4,60.0,11.0,0,0.0,
2026-01-05 19:02:00,"Back",23h 35min,"Bicep Curl (Machine)",1,50.0,12.0,0,0.0,
2026-01-05 19:02:00,"Back",23h 35min,"Bicep Curl (Machine)",2,60.0,11.0,0,0.0,
2026-01-05 19:02:00,"Back",23h 35min,"Bicep Curl (Machine)",3,60.0,11.0,0,0.0,
2026-01-06 18:37:51,"Chest",91h 36min,"Chest Press (Machine)",W,40.0,12.0,0,0.0,
2026-01-06 18:37:51,"Chest",91h 36min,"Chest Press (Machine)",1,80.0,12.0,0,0.0,
2026-01-06 18:37:51,"Chest",91h 36min,"Chest Press (Machine)",2,85.0,8.0,0,0.0,
2026-01-06 18:37:51,"Chest",91h 36min,"Chest Press (Machine)",3,85.0,8.0,0,0.0,
2026-01-06 18:37:51,"Chest",91h 36min,"Chest Fly",1,145.0,11.0,0,0.0,
2026-01-06 18:37:51,"Chest",91h 36min,"Chest Fly",2,145.0,11.0,0,0.0,
2026-01-06 18:37:51,"Chest",91h 36min,"Chest Fly",3,145.0,11.0,0,0.0,
2026-01-06 18:37:51,"Chest",91h 36min,"Incline Chest Press (Machine)",1,45.0,12.0,0,0.0,
2026-01-06 18:37:51,"Chest",91h 36min,"Incline Chest Press (Machine)",2,140.0,11.0,0,0.0,
2026-01-06 18:37:51,"Chest",91h 36min,"Incline Chest Press (Machine)",3,140.0,11.0,0,0.0,
2026-01-06 18:37:51,"Chest",91h 36min,"Incline Chest Press (Machine)",4,140.0,10.0,0,0.0,
2026-01-06 18:37:51,"Chest",91h 36min,"One Arm Tricep Cable Pushdown",1,5.0,12.0,0,0.0,
2026-01-06 18:37:51,"Chest",91h 36min,"One Arm Tricep Cable Pushdown",2,10.0,12.0,0,0.0,
2026-01-06 18:37:51,"Chest",91h 36min,"One Arm Tricep Cable Pushdown",3,10.0,12.0,0,0.0,
2026-01-06 18:37:51,"Chest",91h 36min,"Triceps Extension (Cable)",1,10.0,12.0,0,0.0,
2026-01-06 18:37:51,"Chest",91h 36min,"Triceps Extension (Cable)",2,5.0,12.0,0,0.0,
2026-01-06 18:37:51,"Chest",91h 36min,"Triceps Extension (Cable)",3,5.0,12.0,0,0.0,
2026-01-10 14:14:26,"Back",45min,"Lat Pulldown (Cable)",1,25.0,12.0,0,0.0,
2026-01-10 14:14:26,"Back",45min,"Lat Pulldown (Cable)",2,70.0,8.0,0,0.0,
2026-01-10 14:14:26,"Back",45min,"Lat Pulldown (Cable)",3,70.0,9.0,0,0.0,
2026-01-10 14:14:26,"Back",45min,"Lat Pulldown (Cable)",4,70.0,8.0,0,0.0,
2026-01-10 14:14:26,"Back",45min,"Seated Row (Cable)",1,25.0,12.0,0,0.0,
2026-01-10 14:14:26,"Back",45min,"Seated Row (Cable)",2,65.0,11.0,0,0.0,
2026-01-10 14:14:26,"Back",45min,"Seated Row (Cable)",3,65.0,12.0,0,0.0,
2026-01-10 14:14:26,"Back",45min,"Seated Row (Cable)",4,65.0,12.0,0,0.0,
2026-01-10 14:14:26,"Back",45min,"Seated Wide-Grip Row (Cable)",1,25.0,10.0,0,0.0,
2026-01-10 14:14:26,"Back",45min,"Seated Wide-Grip Row (Cable)",2,60.0,10.0,0,0.0,
2026-01-10 14:14:26,"Back",45min,"Seated Wide-Grip Row (Cable)",3,60.0,10.0,0,0.0,
2026-01-10 14:14:26,"Back",45min,"Seated Wide-Grip Row (Cable)",4,60.0,10.0,0,0.0,
2026-01-12 18:46:35,"Legs",191h 56min,"Squat (Barbell)",1,135.0,8.0,0,0.0,
2026-01-12 18:46:35,"Legs",191h 56min,"Squat (Barbell)",2,135.0,8.0,0,0.0,
2026-01-12 18:46:35,"Legs",191h 56min,"Squat (Barbell)",3,155.0,8.0,0,0.0,
2026-01-12 18:46:35,"Legs",191h 56min,"Squat (Barbell)",4,155.0,8.0,0,0.0,
2026-01-12 18:46:35,"Legs",191h 56min,"Squat (Barbell)",5,155.0,8.0,0,0.0,
2026-01-12 18:46:35,"Legs",191h 56min,"Romanian Deadlift (Barbell)",1,95.0,10.0,0,0.0,
2026-01-12 18:46:35,"Legs",191h 56min,"Romanian Deadlift (Barbell)",2,135.0,12.0,0,0.0,
2026-01-12 18:46:35,"Legs",191h 56min,"Romanian Deadlift (Barbell)",3,135.0,12.0,0,0.0,
2026-01-12 18:46:35,"Legs",191h 56min,"Romanian Deadlift (Barbell)",4,135.0,12.0,0,0.0,
2026-01-12 18:46:35,"Legs",191h 56min,"Standing Calf Raise (Machine)",1,190.0,16.0,0,0.0,
2026-01-12 18:46:35,"Legs",191h 56min,"Standing Calf Raise (Machine)",2,190.0,13.0,0,0.0,
2026-01-20 18:43:33,"Chest",23h 40min,"Chest Press (Machine)",W,40.0,12.0,0,0.0,
2026-01-20 18:43:33,"Chest",23h 40min,"Chest Press (Machine)",1,85.0,9.0,0,0.0,
2026-01-20 18:43:33,"Chest",23h 40min,"Chest Press (Machine)",2,85.0,9.0,0,0.0,
2026-01-20 18:43:33,"Chest",23h 40min,"Chest Press (Machine)",3,85.0,8.0,0,0.0,
2026-01-20 18:43:33,"Chest",23h 40min,"Chest Fly",1,145.0,8.0,0,0.0,
2026-01-20 18:43:33,"Chest",23h 40min,"Chest Fly",2,145.0,9.0,0,0.0,
2026-01-20 18:43:33,"Chest",23h 40min,"Chest Fly",3,145.0,9.0,0,0.0,
2026-01-20 18:43:33,"Chest",23h 40min,"Bench Press (Barbell)",1,135.0,12.0,0,0.0,
2026-01-20 18:43:33,"Chest",23h 40min,"Bench Press (Barbell)",2,145.0,10.0,0,0.0,
2026-01-20 18:43:33,"Chest",23h 40min,"Bench Press (Barbell)",3,145.0,10.0,0,0.0,
2026-01-20 18:43:33,"Chest",23h 40min,"One Arm Tricep Cable Pushdown",1,5.0,12.0,0,0.0,
2026-01-20 18:43:33,"Chest",23h 40min,"One Arm Tricep Cable Pushdown",2,10.0,12.0,0,0.0,
2026-01-20 18:43:33,"Chest",23h 40min,"One Arm Tricep Cable Pushdown",3,10.0,12.0,0,0.0,
2026-01-21 18:24:03,"Back",24h 7min,"Lat Pulldown (Cable)",1,25.0,12.0,0,0.0,
2026-01-21 18:24:03,"Back",24h 7min,"Lat Pulldown (Cable)",2,70.0,9.0,0,0.0,
2026-01-21 18:24:03,"Back",24h 7min,"Lat Pulldown (Cable)",3,70.0,8.0,0,0.0,
2026-01-21 18:24:03,"Back",24h 7min,"Lat Pulldown (Cable)",4,70.0,8.0,0,0.0,
2026-01-21 18:24:03,"Back",24h 7min,"Seated Row (Cable)",1,25.0,12.0,0,0.0,
2026-01-21 18:24:03,"Back",24h 7min,"Seated Row (Cable)",2,65.0,12.0,0,0.0,
2026-01-21 18:24:03,"Back",24h 7min,"Seated Row (Cable)",3,70.0,10.0,0,0.0,
2026-01-21 18:24:03,"Back",24h 7min,"Seated Row (Cable)",4,70.0,10.0,0,0.0,
2026-01-21 18:24:03,"Back",24h 7min,"Seated Wide-Grip Row (Cable)",1,25.0,10.0,0,0.0,
2026-01-21 18:24:03,"Back",24h 7min,"Seated Wide-Grip Row (Cable)",2,60.0,12.0,0,0.0,
2026-01-21 18:24:03,"Back",24h 7min,"Seated Wide-Grip Row (Cable)",3,70.0,8.0,0,0.0,
2026-01-21 18:24:03,"Back",24h 7min,"Seated Wide-Grip Row (Cable)",4,70.0,8.0,0,0.0,
2026-01-21 18:24:03,"Back",24h 7min,"Incline Curl (Dumbbell)",1,22.5,12.0,0,0.0,
2026-01-21 18:24:03,"Back",24h 7min,"Incline Curl (Dumbbell)",2,25.0,12.0,0,0.0,
2026-01-21 18:24:03,"Back",24h 7min,"Incline Curl (Dumbbell)",3,25.0,12.0,0,0.0,
2026-01-21 18:24:03,"Back",24h 7min,"Incline Curl (Dumbbell)",4,25.0,12.0,0,0.0,
2026-01-22 18:31:42,"Legs",312h 10min,"Hack Squat",1,180.0,8.0,0,0.0,
2026-01-22 18:31:42,"Legs",312h 10min,"Hack Squat",2,300.0,8.0,0,0.0,
2026-01-22 18:31:42,"Legs",312h 10min,"Hack Squat",3,320.0,8.0,0,0.0,
2026-01-22 18:31:42,"Legs",312h 10min,"Hack Squat",4,320.0,8.0,0,0.0,
2026-01-22 18:31:42,"Legs",312h 10min,"Leg Extension (Machine)",1,130.0,12.0,0,0.0,
2026-01-22 18:31:42,"Legs",312h 10min,"Leg Extension (Machine)",2,140.0,12.0,0,0.0,
2026-01-22 18:31:42,"Legs",312h 10min,"Leg Extension (Machine)",3,140.0,12.0,0,0.0,
2026-01-22 18:31:42,"Legs",312h 10min,"Lying Leg Curl (Machine)",1,130.0,12.0,0,0.0,
2026-01-22 18:31:42,"Legs",312h 10min,"Lying Leg Curl (Machine)",2,140.0,10.0,0,0.0,
2026-01-22 18:31:42,"Legs",312h 10min,"Lying Leg Curl (Machine)",3,140.0,10.0,0,0.0,
2026-02-04 18:41:53,"Back",24h 5min,"Lat Pulldown (Cable)",1,25.0,12.0,0,0.0,
2026-02-04 18:41:53,"Back",24h 5min,"Lat Pulldown (Cable)",2,70.0,10.0,0,0.0,
2026-02-04 18:41:53,"Back",24h 5min,"Lat Pulldown (Cable)",3,70.0,9.0,0,0.0,
2026-02-04 18:41:53,"Back",24h 5min,"Lat Pulldown (Cable)",4,70.0,7.0,0,0.0,
2026-02-04 18:41:53,"Back",24h 5min,"Bent Over Row (Barbell)",1,45.0,12.0,0,0.0,
2026-02-04 18:41:53,"Back",24h 5min,"Bent Over Row (Barbell)",2,135.0,10.0,0,0.0,
2026-02-04 18:41:53,"Back",24h 5min,"Bent Over Row (Barbell)",3,135.0,10.0,0,0.0,
2026-02-04 18:41:53,"Back",24h 5min,"Bent Over Row (Barbell)",4,135.0,11.0,0,0.0,
2026-02-04 18:41:53,"Back",24h 5min,"Seated Wide-Grip Row (Cable)",1,25.0,10.0,0,0.0,
2026-02-04 18:41:53,"Back",24h 5min,"Seated Wide-Grip Row (Cable)",2,60.0,12.0,0,0.0,
2026-02-04 18:41:53,"Back",24h 5min,"Seated Wide-Grip Row (Cable)",3,70.0,7.0,0,0.0,
2026-02-04 18:41:53,"Back",24h 5min,"Seated Wide-Grip Row (Cable)",4,60.0,7.0,0,0.0,
2026-02-04 18:41:53,"Back",24h 5min,"Bicep Curl (Machine)",1,50.0,12.0,0,0.0,
2026-02-04 18:41:53,"Back",24h 5min,"Bicep Curl (Machine)",2,60.0,11.0,0,0.0,
2026-02-04 18:41:53,"Back",24h 5min,"Bicep Curl (Machine)",3,60.0,11.0,0,0.0,
2026-02-05 18:47:15,"Chest",121h 19min,"Incline Bench Press (Barbell)",W,95.0,8.0,0,0.0,
2026-02-05 18:47:15,"Chest",121h 19min,"Incline Bench Press (Barbell)",1,135.0,8.0,0,0.0,
2026-02-05 18:47:15,"Chest",121h 19min,"Incline Bench Press (Barbell)",2,145.0,8.0,0,0.0,
2026-02-05 18:47:15,"Chest",121h 19min,"Incline Bench Press (Barbell)",3,145.0,8.0,0,0.0,
2026-02-05 18:47:15,"Chest",121h 19min,"Bench Press (Barbell)",W,135.0,12.0,0,0.0,
2026-02-05 18:47:15,"Chest",121h 19min,"Bench Press (Barbell)",1,155.0,10.0,0,0.0,
2026-02-05 18:47:15,"Chest",121h 19min,"Bench Press (Barbell)",2,155.0,10.0,0,0.0,
2026-02-05 18:47:15,"Chest",121h 19min,"One Arm Tricep Cable Pushdown",1,5.0,12.0,0,0.0,
2026-02-05 18:47:15,"Chest",121h 19min,"One Arm Tricep Cable Pushdown",2,10.0,12.0,0,0.0,
2026-02-05 18:47:15,"Chest",121h 19min,"One Arm Tricep Cable Pushdown",3,10.0,12.0,0,0.0,
2026-02-10 20:06:27,"Back",115h 43min,"Lat Pulldown (Cable)",1,25.0,12.0,0,0.0,
2026-02-10 20:06:27,"Back",115h 43min,"Lat Pulldown (Cable)",2,60.0,8.0,0,0.0,
2026-02-10 20:06:27,"Back",115h 43min,"Lat Pulldown (Cable)",3,65.0,8.0,0,0.0,
2026-02-10 20:06:27,"Back",115h 43min,"Lat Pulldown (Cable)",4,70.0,8.0,0,0.0,
2026-02-10 20:06:27,"Back",115h 43min,"Bent Over Row (Barbell)",1,45.0,12.0,0,0.0,
2026-02-10 20:06:27,"Back",115h 43min,"Bent Over Row (Barbell)",2,135.0,10.0,0,0.0,
2026-02-10 20:06:27,"Back",115h 43min,"Bent Over Row (Barbell)",3,145.0,12.0,0,0.0,
2026-02-10 20:06:27,"Back",115h 43min,"Bent Over Row (Barbell)",4,135.0,11.0,0,0.0,
2026-02-10 20:06:27,"Back",115h 43min,"Bicep Curl (Dumbbell)",1,30.0,13.0,0,0.0,
2026-02-10 20:06:27,"Back",115h 43min,"Bicep Curl (Dumbbell)",2,30.0,12.0,0,0.0,
2026-02-10 20:06:27,"Back",115h 43min,"Bicep Curl (Dumbbell)",3,30.0,12.0,0,0.0,
2026-02-10 20:06:27,"Back",115h 43min,"Seated Row (Cable)",1,25.0,12.0,0,0.0,
2026-02-10 20:06:27,"Back",115h 43min,"Seated Row (Cable)",2,65.0,12.0,0,0.0,
2026-02-10 20:06:27,"Back",115h 43min,"Seated Row (Cable)",3,70.0,10.0,0,0.0,
2026-02-10 20:06:27,"Back",115h 43min,"Seated Row (Cable)",4,70.0,10.0,0,0.0,
2026-02-15 15:50:09,"Chest",75h 5min,"Bench Press (Barbell)",W,135.0,12.0,0,0.0,
2026-02-15 15:50:09,"Chest",75h 5min,"Bench Press (Barbell)",1,185.0,8.0,0,0.0,
2026-02-15 15:50:09,"Chest",75h 5min,"Bench Press (Barbell)",2,185.0,7.0,0,0.0,
2026-02-15 15:50:09,"Chest",75h 5min,"Bench Press (Barbell)",3,185.0,6.0,0,0.0,
2026-02-15 15:50:09,"Chest",75h 5min,"Chest Press (Machine)",W,40.0,12.0,0,0.0,
2026-02-15 15:50:09,"Chest",75h 5min,"Chest Press (Machine)",1,75.0,10.0,0,0.0,
2026-02-15 15:50:09,"Chest",75h 5min,"Chest Press (Machine)",2,75.0,10.0,0,0.0,
2026-02-15 15:50:09,"Chest",75h 5min,"Chest Press (Machine)",3,75.0,10.0,0,0.0,
2026-02-15 15:50:09,"Chest",75h 5min,"Chest Fly",1,130.0,12.0,0,0.0,
2026-02-15 15:50:09,"Chest",75h 5min,"Chest Fly",2,0.0,12.0,0,0.0,
2026-02-15 15:50:09,"Chest",75h 5min,"Chest Fly",3,0.0,12.0,0,0.0,
2026-02-15 15:50:09,"Chest",75h 5min,"One Arm Tricep Cable Pushdown",1,5.0,12.0,0,0.0,
2026-02-15 15:50:09,"Chest",75h 5min,"One Arm Tricep Cable Pushdown",2,10.0,12.0,0,0.0,
2026-02-15 15:50:09,"Chest",75h 5min,"One Arm Tricep Cable Pushdown",3,10.0,12.0,0,0.0,
2026-02-15 15:50:09,"Chest",75h 5min,"Triceps Extension (Cable)",1,10.0,12.0,0,0.0,
2026-02-15 15:50:09,"Chest",75h 5min,"Triceps Extension (Cable)",2,5.0,12.0,0,0.0,
2026-02-15 15:50:09,"Chest",75h 5min,"Triceps Extension (Cable)",3,5.0,12.0,0,0.0,
2026-02-18 18:55:24,"Back",65h 31min,"Lat Pulldown (Cable)",1,25.0,12.0,0,0.0,
2026-02-18 18:55:24,"Back",65h 31min,"Lat Pulldown (Cable)",2,70.0,8.0,0,0.0,
2026-02-18 18:55:24,"Back",65h 31min,"Lat Pulldown (Cable)",3,70.0,8.0,0,0.0,
2026-02-18 18:55:24,"Back",65h 31min,"Lat Pulldown (Cable)",4,70.0,8.0,0,0.0,
2026-02-18 18:55:24,"Back",65h 31min,"Seated Row (Cable)",1,25.0,12.0,0,0.0,
2026-02-18 18:55:24,"Back",65h 31min,"Seated Row (Cable)",2,70.0,10.0,0,0.0,
2026-02-18 18:55:24,"Back",65h 31min,"Seated Row (Cable)",3,70.0,10.0,0,0.0,
2026-02-18 18:55:24,"Back",65h 31min,"Seated Row (Cable)",4,70.0,10.0,0,0.0,
2026-02-18 18:55:24,"Back",65h 31min,"Barbell T Bar Row",W,35.0,10.0,0,0.0,
2026-02-18 18:55:24,"Back",65h 31min,"Barbell T Bar Row",1,70.0,10.0,0,0.0,
2026-02-18 18:55:24,"Back",65h 31min,"Barbell T Bar Row",2,105.0,10.0,0,0.0,
2026-02-18 18:55:24,"Back",65h 31min,"Barbell T Bar Row",3,130.0,10.0,0,0.0,
2026-02-18 18:55:24,"Back",65h 31min,"Barbell T Bar Row",4,130.0,10.0,0,0.0,
2026-02-18 18:55:24,"Back",65h 31min,"Bicep Curl (Machine)",1,60.0,12.0,0,0.0,
2026-02-18 18:55:24,"Back",65h 31min,"Bicep Curl (Machine)",2,65.0,8.0,0,0.0,
2026-02-18 18:55:24,"Back",65h 31min,"Bicep Curl (Machine)",3,65.0,8.0,0,0.0,
2026-02-21 12:27:31,"Legs",78h 7min,"Decline Hack Squat",1,90.0,10.0,0,0.0,
2026-02-21 12:27:31,"Legs",78h 7min,"Decline Hack Squat",2,180.0,10.0,0,0.0,
2026-02-21 12:27:31,"Legs",78h 7min,"Decline Hack Squat",3,180.0,10.0,0,0.0,
2026-02-21 12:27:31,"Legs",78h 7min,"Decline Hack Squat",4,180.0,10.0,0,0.0,
2026-02-21 12:27:31,"Legs",78h 7min,"Decline Hack Squat",5,180.0,10.0,0,0.0,
2026-02-21 12:27:31,"Legs",78h 7min,"Romanian Deadlift (Barbell)",1,95.0,10.0,0,0.0,
2026-02-21 12:27:31,"Legs",78h 7min,"Romanian Deadlift (Barbell)",2,135.0,9.0,0,0.0,
2026-02-21 12:27:31,"Legs",78h 7min,"Romanian Deadlift (Barbell)",3,135.0,10.0,0,0.0,
2026-02-21 12:27:31,"Legs",78h 7min,"Romanian Deadlift (Barbell)",4,135.0,10.0,0,0.0,
2026-02-21 12:27:31,"Legs",78h 7min,"Leg Extension (Machine)",1,115.0,10.0,0,0.0,
2026-02-21 12:27:31,"Legs",78h 7min,"Leg Extension (Machine)",2,115.0,10.0,0,0.0,
2026-02-21 12:27:31,"Legs",78h 7min,"Leg Extension (Machine)",3,140.0,12.0,0,0.0,
2026-02-24 18:37:28,"Back",23h 58min,"Barbell T Bar Row",W,35.0,10.0,0,0.0,
2026-02-24 18:37:28,"Back",23h 58min,"Barbell T Bar Row",1,70.0,10.0,0,0.0,
2026-02-24 18:37:28,"Back",23h 58min,"Barbell T Bar Row",2,105.0,10.0,0,0.0,
2026-02-24 18:37:28,"Back",23h 58min,"Barbell T Bar Row",3,130.0,10.0,0,0.0,
2026-02-24 18:37:28,"Back",23h 58min,"Barbell T Bar Row",4,130.0,10.0,0,0.0,
2026-02-24 18:37:28,"Back",23h 58min,"Seated Row (Cable)",1,25.0,12.0,0,0.0,
2026-02-24 18:37:28,"Back",23h 58min,"Seated Row (Cable)",2,70.0,12.0,0,0.0,
2026-02-24 18:37:28,"Back",23h 58min,"Seated Row (Cable)",3,70.0,12.0,0,0.0,
2026-02-24 18:37:28,"Back",23h 58min,"Seated Row (Cable)",4,70.0,10.0,0,0.0,
2026-02-24 18:37:28,"Back",23h 58min,"Preacher Curl (Machine)",1,70.0,12.0,0,0.0,
2026-02-24 18:37:28,"Back",23h 58min,"Preacher Curl (Machine)",2,90.0,10.0,0,0.0,
2026-02-24 18:37:28,"Back",23h 58min,"Preacher Curl (Machine)",3,90.0,10.0,0,0.0,
2026-02-24 18:37:28,"Back",23h 58min,"Preacher Curl (Machine)",4,90.0,10.0,0,0.0,
2026-02-24 18:37:28,"Back",23h 58min,"Lat Pulldown (Cable)",1,25.0,12.0,0,0.0,
2026-02-24 18:37:28,"Back",23h 58min,"Lat Pulldown (Cable)",2,70.0,5.0,0,0.0,
2026-02-24 18:37:28,"Back",23h 58min,"Lat Pulldown (Cable)",3,60.0,10.0,0,0.0,
2026-02-24 18:37:28,"Back",23h 58min,"Lat Pulldown (Cable)",4,60.0,10.0,0,0.0,
2026-02-25 18:36:31,"Chest",145h 8min,"Chest Press (Machine)",W,40.0,12.0,0,0.0,
2026-02-25 18:36:31,"Chest",145h 8min,"Chest Press (Machine)",1,80.0,11.0,0,0.0,
2026-02-25 18:36:31,"Chest",145h 8min,"Chest Press (Machine)",2,80.0,11.0,0,0.0,
2026-02-25 18:36:31,"Chest",145h 8min,"Chest Press (Machine)",3,80.0,10.0,0,0.0,
2026-02-25 18:36:31,"Chest",145h 8min,"Incline Chest Press (Machine)",1,45.0,12.0,0,0.0,
2026-02-25 18:36:31,"Chest",145h 8min,"Incline Chest Press (Machine)",2,135.0,8.0,0,0.0,
2026-02-25 18:36:31,"Chest",145h 8min,"Incline Chest Press (Machine)",3,135.0,8.0,0,0.0,
2026-02-25 18:36:31,"Chest",145h 8min,"Incline Chest Press (Machine)",4,135.0,8.0,0,0.0,
2026-02-25 18:36:31,"Chest",145h 8min,"One Arm Tricep Cable Pushdown",1,10.0,12.0,0,0.0,
2026-02-25 18:36:31,"Chest",145h 8min,"One Arm Tricep Cable Pushdown",2,10.0,12.0,0,0.0,
2026-02-25 18:36:31,"Chest",145h 8min,"One Arm Tricep Cable Pushdown",3,10.0,12.0,0,0.0,
2026-02-25 18:36:31,"Chest",145h 8min,"Chest Fly",1,130.0,12.0,0,0.0,
2026-02-25 18:36:31,"Chest",145h 8min,"Chest Fly",2,130.0,12.0,0,0.0,
2026-02-25 18:36:31,"Chest",145h 8min,"Chest Fly",3,140.0,10.0,0,0.0,
2026-02-25 18:36:31,"Chest",145h 8min,"Bench Press (Barbell)",W,135.0,8.0,0,0.0,
2026-02-25 18:36:31,"Chest",145h 8min,"Bench Press (Barbell)",1,185.0,5.0,0,0.0,
2026-02-25 18:36:31,"Chest",145h 8min,"Bench Press (Barbell)",2,185.0,5.0,0,0.0,
2026-03-03 19:45:25,"Chest",23h 40min,"Chest Press (Machine)",W,40.0,12.0,0,0.0,
2026-03-03 19:45:25,"Chest",23h 40min,"Chest Press (Machine)",1,90.0,8.0,0,0.0,
2026-03-03 19:45:25,"Chest",23h 40min,"Chest Press (Machine)",2,90.0,8.0,0,0.0,
2026-03-03 19:45:25,"Chest",23h 40min,"Chest Press (Machine)",3,85.0,10.0,0,0.0,
2026-03-03 19:45:25,"Chest",23h 40min,"Bench Press (Barbell)",W,135.0,8.0,0,0.0,
2026-03-03 19:45:25,"Chest",23h 40min,"Bench Press (Barbell)",1,185.0,6.0,0,0.0,
2026-03-03 19:45:25,"Chest",23h 40min,"Bench Press (Barbell)",2,185.0,6.0,0,0.0,
2026-03-03 19:45:25,"Chest",23h 40min,"Bench Press (Barbell)",3,185.0,6.0,0,0.0,
2026-03-03 19:45:25,"Chest",23h 40min,"One Arm Tricep Cable Pushdown",1,10.0,12.0,0,0.0,
2026-03-03 19:45:25,"Chest",23h 40min,"One Arm Tricep Cable Pushdown",2,10.0,12.0,0,0.0,
2026-03-03 19:45:25,"Chest",23h 40min,"One Arm Tricep Cable Pushdown",3,10.0,12.0,0,0.0,
2026-03-03 19:45:25,"Chest",23h 40min,"Incline Chest Press (Machine)",1,45.0,12.0,0,0.0,
2026-03-03 19:45:25,"Chest",23h 40min,"Incline Chest Press (Machine)",2,135.0,8.0,0,0.0,
2026-03-03 19:45:25,"Chest",23h 40min,"Incline Chest Press (Machine)",3,135.0,8.0,0,0.0,
2026-03-03 19:45:25,"Chest",23h 40min,"Incline Chest Press (Machine)",4,135.0,8.0,0,0.0,
2026-03-04 19:26:06,"Back",166h 40min,"Lat Pulldown (Cable)",1,25.0,12.0,0,0.0,
2026-03-04 19:26:06,"Back",166h 40min,"Lat Pulldown (Cable)",2,60.0,10.0,0,0.0,
2026-03-04 19:26:06,"Back",166h 40min,"Lat Pulldown (Cable)",3,70.0,10.0,0,0.0,
2026-03-04 19:26:06,"Back",166h 40min,"Lat Pulldown (Cable)",4,70.0,10.0,0,0.0,
2026-03-04 19:26:06,"Back",166h 40min,"Seated Wide-Grip Row (Cable)",1,25.0,10.0,0,0.0,
2026-03-04 19:26:06,"Back",166h 40min,"Seated Wide-Grip Row (Cable)",2,70.0,8.0,0,0.0,
2026-03-04 19:26:06,"Back",166h 40min,"Seated Wide-Grip Row (Cable)",3,60.0,12.0,0,0.0,
2026-03-04 19:26:06,"Back",166h 40min,"Seated Wide-Grip Row (Cable)",4,60.0,12.0,0,0.0,
2026-03-04 19:26:06,"Back",166h 40min,"Bent Over Row (Barbell)",1,45.0,12.0,0,0.0,
2026-03-04 19:26:06,"Back",166h 40min,"Bent Over Row (Barbell)",2,135.0,10.0,0,0.0,
2026-03-04 19:26:06,"Back",166h 40min,"Bent Over Row (Barbell)",3,145.0,12.0,0,0.0,
2026-03-04 19:26:06,"Back",166h 40min,"Bent Over Row (Barbell)",4,145.0,11.0,0,0.0,
2026-03-11 19:15:48,"Legs",167h 6min,"Squat (Barbell)",1,135.0,8.0,0,0.0,
2026-03-11 19:15:48,"Legs",167h 6min,"Squat (Barbell)",2,135.0,6.0,0,0.0,
2026-03-11 19:15:48,"Legs",167h 6min,"Squat (Barbell)",3,185.0,6.0,0,0.0,
2026-03-11 19:15:48,"Legs",167h 6min,"Squat (Barbell)",4,185.0,6.0,0,0.0,
2026-03-11 19:15:48,"Legs",167h 6min,"Squat (Barbell)",5,185.0,6.0,0,0.0,
2026-03-11 19:15:48,"Legs",167h 6min,"Leg Extension (Machine)",1,115.0,10.0,0,0.0,
2026-03-11 19:15:48,"Legs",167h 6min,"Leg Extension (Machine)",2,115.0,10.0,0,0.0,
2026-03-11 19:15:48,"Legs",167h 6min,"Leg Extension (Machine)",3,140.0,12.0,0,0.0,
2026-03-11 19:15:48,"Legs",167h 6min,"Lying Leg Curl (Machine)",1,130.0,12.0,0,0.0,
2026-03-11 19:15:48,"Legs",167h 6min,"Lying Leg Curl (Machine)",2,140.0,12.0,0,0.0,
2026-03-11 19:15:48,"Legs",167h 6min,"Lying Leg Curl (Machine)",3,140.0,12.0,0,0.0,
2026-03-18 18:22:23,"Chest",24h 1min,"Chest Press (Machine)",W,40.0,12.0,0,0.0,
2026-03-18 18:22:23,"Chest",24h 1min,"Chest Press (Machine)",1,90.0,8.0,0,0.0,
2026-03-18 18:22:23,"Chest",24h 1min,"Chest Press (Machine)",2,90.0,8.0,0,0.0,
2026-03-18 18:22:23,"Chest",24h 1min,"Chest Press (Machine)",3,85.0,10.0,0,0.0,
2026-03-18 18:22:23,"Chest",24h 1min,"Bench Press (Barbell)",W,135.0,8.0,0,0.0,
2026-03-18 18:22:23,"Chest",24h 1min,"Bench Press (Barbell)",1,185.0,6.0,0,0.0,
2026-03-18 18:22:23,"Chest",24h 1min,"Bench Press (Barbell)",2,185.0,6.0,0,0.0,
2026-03-18 18:22:23,"Chest",24h 1min,"Bench Press (Barbell)",3,185.0,6.0,0,0.0,
2026-03-18 18:22:23,"Chest",24h 1min,"One Arm Tricep Cable Pushdown",1,10.0,12.0,0,0.0,
2026-03-18 18:22:23,"Chest",24h 1min,"One Arm Tricep Cable Pushdown",2,10.0,12.0,0,0.0,
2026-03-18 18:22:23,"Chest",24h 1min,"One Arm Tricep Cable Pushdown",3,10.0,12.0,0,0.0,
2026-03-18 18:22:23,"Chest",24h 1min,"Chest Fly",1,130.0,12.0,0,0.0,
2026-03-18 18:22:23,"Chest",24h 1min,"Chest Fly",2,140.0,12.0,0,0.0,
2026-03-18 18:22:23,"Chest",24h 1min,"Chest Fly",3,140.0,12.0,0,0.0,
2026-03-19 18:23:59,"Back",144h 56min,"Lat Pulldown (Cable)",1,25.0,12.0,0,0.0,
2026-03-19 18:23:59,"Back",144h 56min,"Lat Pulldown (Cable)",2,70.0,10.0,0,0.0,
2026-03-19 18:23:59,"Back",144h 56min,"Lat Pulldown (Cable)",3,70.0,10.0,0,0.0,
2026-03-19 18:23:59,"Back",144h 56min,"Lat Pulldown (Cable)",4,70.0,10.0,0,0.0,
2026-03-19 18:23:59,"Back",144h 56min,"Bent Over Row (Barbell)",1,45.0,12.0,0,0.0,
2026-03-19 18:23:59,"Back",144h 56min,"Bent Over Row (Barbell)",2,135.0,10.0,0,0.0,
2026-03-19 18:23:59,"Back",144h 56min,"Bent Over Row (Barbell)",3,145.0,12.0,0,0.0,
2026-03-19 18:23:59,"Back",144h 56min,"Bent Over Row (Barbell)",4,145.0,11.0,0,0.0,
2026-03-19 18:23:59,"Back",144h 56min,"Seated Row (Cable)",1,25.0,12.0,0,0.0,
2026-03-19 18:23:59,"Back",144h 56min,"Seated Row (Cable)",2,60.0,12.0,0,0.0,
2026-03-19 18:23:59,"Back",144h 56min,"Seated Row (Cable)",3,60.0,12.0,0,0.0,
2026-03-19 18:23:59,"Back",144h 56min,"Seated Row (Cable)",4,60.0,10.0,0,0.0,
2026-03-19 18:23:59,"Back",144h 56min,"Incline Curl (Dumbbell)",1,22.5,12.0,0,0.0,
2026-03-19 18:23:59,"Back",144h 56min,"Incline Curl (Dumbbell)",2,25.0,12.0,0,0.0,
2026-03-19 18:23:59,"Back",144h 56min,"Incline Curl (Dumbbell)",3,25.0,12.0,0,0.0,
2026-03-19 18:23:59,"Back",144h 56min,"Incline Curl (Dumbbell)",4,25.0,12.0,0,0.0,
2026-03-25 19:20:12,"Legs",91h 25min,"Hack Squat",1,180.0,8.0,0,0.0,
2026-03-25 19:20:12,"Legs",91h 25min,"Hack Squat",2,320.0,8.0,0,0.0,
2026-03-25 19:20:12,"Legs",91h 25min,"Hack Squat",3,320.0,8.0,0,0.0,
2026-03-25 19:20:12,"Legs",91h 25min,"Hack Squat",4,320.0,8.0,0,0.0,
2026-03-25 19:20:12,"Legs",91h 25min,"Romanian Deadlift (Barbell)",1,95.0,10.0,0,0.0,
2026-03-25 19:20:12,"Legs",91h 25min,"Romanian Deadlift (Barbell)",2,135.0,8.0,0,0.0,
2026-03-25 19:20:12,"Legs",91h 25min,"Romanian Deadlift (Barbell)",3,145.0,10.0,0,0.0,
2026-03-25 19:20:12,"Legs",91h 25min,"Romanian Deadlift (Barbell)",4,145.0,10.0,0,0.0,
2026-03-25 19:20:12,"Legs",91h 25min,"Leg Extension (Machine)",1,145.0,12.0,0,0.0,
2026-03-25 19:20:12,"Legs",91h 25min,"Leg Extension (Machine)",2,145.0,12.0,0,0.0,
2026-03-25 19:20:12,"Legs",91h 25min,"Leg Extension (Machine)",3,145.0,12.0,0,0.0,
2026-03-25 19:20:12,"Legs",91h 25min,"Standing Calf Raise (Machine)",1,210.0,12.0,0,0.0,
2026-03-25 19:20:12,"Legs",91h 25min,"Standing Calf Raise (Machine)",2,220.0,12.0,0,0.0,
2026-03-25 19:20:12,"Legs",91h 25min,"Standing Calf Raise (Machine)",3,220.0,12.0,0,0.0,
2026-03-29 14:46:22,"Chest",52h 46min,"Bench Press (Barbell)",W,135.0,8.0,0,0.0,
2026-03-29 14:46:22,"Chest",52h 46min,"Bench Press (Barbell)",1,185.0,8.0,0,0.0,
2026-03-29 14:46:22,"Chest",52h 46min,"Bench Press (Barbell)",2,195.0,7.0,0,0.0,
2026-03-29 14:46:22,"Chest",52h 46min,"Bench Press (Barbell)",3,195.0,6.0,0,0.0,
2026-03-29 14:46:22,"Chest",52h 46min,"Chest Fly",1,145.0,8.0,0,0.0,
2026-03-29 14:46:22,"Chest",52h 46min,"Chest Fly",2,140.0,11.0,0,0.0,
2026-03-29 14:46:22,"Chest",52h 46min,"Chest Fly",3,140.0,11.0,0,0.0,
2026-03-29 14:46:22,"Chest",52h 46min,"Chest Press (Machine)",W,40.0,12.0,0,0.0,
2026-03-29 14:46:22,"Chest",52h 46min,"Chest Press (Machine)",1,70.0,11.0,0,0.0,
2026-03-29 14:46:22,"Chest",52h 46min,"Chest Press (Machine)",2,70.0,11.0,0,0.0,
2026-03-29 14:46:22,"Chest",52h 46min,"Chest Press (Machine)",3,70.0,11.0,0,0.0,
2026-03-29 14:46:22,"Chest",52h 46min,"Triceps Pushdown (Cable - Straight Bar)",1,40.0,12.0,0,0.0,
2026-03-29 14:46:22,"Chest",52h 46min,"Triceps Pushdown (Cable - Straight Bar)",2,40.0,12.0,0,0.0,
2026-03-29 14:46:22,"Chest",52h 46min,"Triceps Pushdown (Cable - Straight Bar)",3,40.0,12.0,0,0.0,
2026-03-29 14:46:22,"Chest",52h 46min,"Triceps Extension (Cable)",1,10.0,12.0,0,0.0,
2026-03-29 14:46:22,"Chest",52h 46min,"Triceps Extension (Cable)",2,15.0,12.0,0,0.0,
2026-03-29 14:46:22,"Chest",52h 46min,"Triceps Extension (Cable)",3,15.0,12.0,0,0.0,
2026-03-31 19:33:23,"Back",63h 16min,"Lat Pulldown (Cable)",1,25.0,12.0,0,0.0,
2026-03-31 19:33:23,"Back",63h 16min,"Lat Pulldown (Cable)",2,60.0,12.0,0,0.0,
2026-03-31 19:33:23,"Back",63h 16min,"Lat Pulldown (Cable)",3,60.0,12.0,0,0.0,
2026-03-31 19:33:23,"Back",63h 16min,"Lat Pulldown (Cable)",4,60.0,10.0,0,0.0,
2026-03-31 19:33:23,"Back",63h 16min,"Seated Wide-Grip Row (Cable)",1,25.0,10.0,0,0.0,
2026-03-31 19:33:23,"Back",63h 16min,"Seated Wide-Grip Row (Cable)",2,70.0,10.0,0,0.0,
2026-03-31 19:33:23,"Back",63h 16min,"Seated Wide-Grip Row (Cable)",3,70.0,10.0,0,0.0,
2026-03-31 19:33:23,"Back",63h 16min,"Seated Wide-Grip Row (Cable)",4,70.0,10.0,0,0.0,
2026-03-31 19:33:23,"Back",63h 16min,"Bent Over Row (Barbell)",1,45.0,12.0,0,0.0,
2026-03-31 19:33:23,"Back",63h 16min,"Bent Over Row (Barbell)",2,135.0,10.0,0,0.0,
2026-03-31 19:33:23,"Back",63h 16min,"Bent Over Row (Barbell)",3,155.0,8.0,0,0.0,
2026-03-31 19:33:23,"Back",63h 16min,"Bent Over Row (Barbell)",4,155.0,8.0,0,0.0,
2026-03-31 19:33:23,"Back",63h 16min,"Bicep Curl (Machine)",1,55.0,12.0,0,0.0,
2026-03-31 19:33:23,"Back",63h 16min,"Bicep Curl (Machine)",2,55.0,8.0,0,0.0,
2026-03-31 19:33:23,"Back",63h 16min,"Bicep Curl (Machine)",3,55.0,8.0,0,0.0,
2026-04-03 10:49:54,"Legs",104h 36min,"Hack Squat",1,180.0,8.0,0,0.0,
2026-04-03 10:49:54,"Legs",104h 36min,"Hack Squat",2,270.0,8.0,0,0.0,
2026-04-03 10:49:54,"Legs",104h 36min,"Hack Squat",3,330.0,7.0,0,0.0,
2026-04-03 10:49:54,"Legs",104h 36min,"Hack Squat",4,330.0,8.0,0,0.0,
2026-04-03 10:49:54,"Legs",104h 36min,"Lying Leg Curl (Machine)",1,140.0,12.0,0,0.0,
2026-04-03 10:49:54,"Legs",104h 36min,"Lying Leg Curl (Machine)",2,150.0,12.0,0,0.0,
2026-04-03 10:49:54,"Legs",104h 36min,"Lying Leg Curl (Machine)",3,160.0,10.0,0,0.0,
2026-04-03 10:49:54,"Legs",104h 36min,"Leg Extension (Machine)",1,120.0,12.0,0,0.0,
2026-04-03 10:49:54,"Legs",104h 36min,"Leg Extension (Machine)",2,140.0,12.0,0,0.0,
2026-04-03 10:49:54,"Legs",104h 36min,"Leg Extension (Machine)",3,145.0,12.0,0,0.0,
2026-04-03 10:49:54,"Legs",104h 36min,"Leg Extension (Machine)",4,145.0,12.0,0,0.0,
2026-04-03 10:49:54,"Legs",104h 36min,"Standing Calf Raise (Machine)",1,230.0,10.0,0,0.0,
2026-04-03 10:49:54,"Legs",104h 36min,"Standing Calf Raise (Machine)",2,230.0,10.0,0,0.0,
2026-04-03 10:49:54,"Legs",104h 36min,"Standing Calf Raise (Machine)",3,230.0,10.0,0,0.0,
2026-04-07 19:26:18,"Chest",47h 45min,"Chest Press (Machine)",W,40.0,12.0,0,0.0,
2026-04-07 19:26:18,"Chest",47h 45min,"Chest Press (Machine)",1,80.0,12.0,0,0.0,
2026-04-07 19:26:18,"Chest",47h 45min,"Chest Press (Machine)",2,80.0,12.0,0,0.0,
2026-04-07 19:26:18,"Chest",47h 45min,"Chest Press (Machine)",3,80.0,12.0,0,0.0,
2026-04-07 19:26:18,"Chest",47h 45min,"Incline Bench Press (Dumbbell)",1,30.0,12.0,0,0.0,
2026-04-07 19:26:18,"Chest",47h 45min,"Incline Bench Press (Dumbbell)",2,60.0,10.0,0,0.0,
2026-04-07 19:26:18,"Chest",47h 45min,"Incline Bench Press (Dumbbell)",3,60.0,10.0,0,0.0,
2026-04-07 19:26:18,"Chest",47h 45min,"Incline Bench Press (Dumbbell)",4,60.0,10.0,0,0.0,
2026-04-07 19:26:18,"Chest",47h 45min,"Chest Fly",1,140.0,10.0,0,0.0,
2026-04-07 19:26:18,"Chest",47h 45min,"Chest Fly",2,140.0,11.0,0,0.0,
2026-04-07 19:26:18,"Chest",47h 45min,"Chest Fly",3,140.0,11.0,0,0.0,
2026-04-07 19:26:18,"Chest",47h 45min,"Incline Bench Press (Barbell)",W,115.0,8.0,0,0.0,
2026-04-07 19:26:18,"Chest",47h 45min,"Incline Bench Press (Barbell)",1,135.0,8.0,0,0.0,
2026-04-07 19:26:18,"Chest",47h 45min,"Incline Bench Press (Barbell)",2,135.0,8.0,0,0.0,
2026-04-09 19:12:20,"Back",91h 4min,"Lat Pulldown (Cable)",1,25.0,12.0,0,0.0,
2026-04-09 19:12:20,"Back",91h 4min,"Lat Pulldown (Cable)",2,60.0,12.0,0,0.0,
2026-04-09 19:12:20,"Back",91h 4min,"Lat Pulldown (Cable)",3,60.0,12.0,0,0.0,
2026-04-09 19:12:20,"Back",91h 4min,"Lat Pulldown (Cable)",4,60.0,10.0,0,0.0,
2026-04-09 19:12:20,"Back",91h 4min,"Lat Pulldown (Cable)",5,60.0,10.0,0,0.0,
2026-04-09 19:12:20,"Back",91h 4min,"Seated Wide-Grip Row (Cable)",1,25.0,10.0,0,0.0,
2026-04-09 19:12:20,"Back",91h 4min,"Seated Wide-Grip Row (Cable)",2,60.0,10.0,0,0.0,
2026-04-09 19:12:20,"Back",91h 4min,"Seated Wide-Grip Row (Cable)",3,60.0,10.0,0,0.0,
2026-04-09 19:12:20,"Back",91h 4min,"Seated Wide-Grip Row (Cable)",4,60.0,10.0,0,0.0,
2026-04-09 19:12:20,"Back",91h 4min,"Seated Row (Cable)",1,25.0,12.0,0,0.0,
2026-04-09 19:12:20,"Back",91h 4min,"Seated Row (Cable)",2,50.0,12.0,0,0.0,
2026-04-09 19:12:20,"Back",91h 4min,"Seated Row (Cable)",3,60.0,12.0,0,0.0,
2026-04-09 19:12:20,"Back",91h 4min,"Seated Row (Cable)",4,60.0,12.0,0,0.0,
2026-04-09 19:12:20,"Back",91h 4min,"Seated Row (Cable)",5,60.0,12.0,0,0.0,
2026-04-09 19:12:20,"Back",91h 4min,"Bicep Curl (Barbell)",1,60.0,13.0,0,0.0,
2026-04-09 19:12:20,"Back",91h 4min,"Bicep Curl (Barbell)",2,60.0,13.0,0,0.0,
2026-04-09 19:12:20,"Back",91h 4min,"Bicep Curl (Barbell)",3,60.0,13.0,0,0.0,
2026-04-13 14:16:50,"Chest",28h 39min,"Chest Press (Machine)",W,40.0,12.0,0,0.0,
2026-04-13 14:16:50,"Chest",28h 39min,"Chest Press (Machine)",1,85.0,8.0,0,0.0,
2026-04-13 14:16:50,"Chest",28h 39min,"Chest Press (Machine)",2,80.0,12.0,0,0.0,
2026-04-13 14:16:50,"Chest",28h 39min,"Chest Press (Machine)",3,80.0,12.0,0,0.0,
2026-04-13 14:16:50,"Chest",28h 39min,"Incline Bench Press (Dumbbell)",1,30.0,12.0,0,0.0,
2026-04-13 14:16:50,"Chest",28h 39min,"Incline Bench Press (Dumbbell)",2,60.0,11.0,0,0.0,
2026-04-13 14:16:50,"Chest",28h 39min,"Incline Bench Press (Dumbbell)",3,60.0,10.0,0,0.0,
2026-04-13 14:16:50,"Chest",28h 39min,"Incline Bench Press (Dumbbell)",4,60.0,10.0,0,0.0,
2026-04-13 14:16:50,"Chest",28h 39min,"Bench Press (Barbell)",W,135.0,8.0,0,0.0,
2026-04-13 14:16:50,"Chest",28h 39min,"Bench Press (Barbell)",1,185.0,8.0,0,0.0,
2026-04-13 14:16:50,"Chest",28h 39min,"Bench Press (Barbell)",2,195.0,7.0,0,0.0,
2026-04-13 14:16:50,"Chest",28h 39min,"Bench Press (Barbell)",3,195.0,6.0,0,0.0,
2026-04-13 14:16:50,"Chest",28h 39min,"One Arm Tricep Cable Pushdown",1,10.0,12.0,0,0.0,
2026-04-13 14:16:50,"Chest",28h 39min,"One Arm Tricep Cable Pushdown",2,10.0,12.0,0,0.0,
2026-04-13 14:16:50,"Chest",28h 39min,"One Arm Tricep Cable Pushdown",3,10.0,12.0,0,0.0,
2026-04-13 14:16:50,"Chest",28h 39min,"Triceps Extension (Cable)",1,10.0,12.0,0,0.0,
2026-04-13 14:16:50,"Chest",28h 39min,"Triceps Extension (Cable)",2,15.0,12.0,0,0.0,
2026-04-13 14:16:50,"Chest",28h 39min,"Triceps Extension (Cable)",3,15.0,12.0,0,0.0,
2026-04-14 18:56:49,"Legs",13h 19min,"Hack Squat",1,180.0,8.0,0,0.0,
2026-04-14 18:56:49,"Legs",13h 19min,"Hack Squat",2,330.0,8.0,0,0.0,
2026-04-14 18:56:49,"Legs",13h 19min,"Hack Squat",3,330.0,10.0,0,0.0,
2026-04-14 18:56:49,"Legs",13h 19min,"Hack Squat",4,330.0,8.0,0,0.0,
2026-04-14 18:56:49,"Legs",13h 19min,"Romanian Deadlift (Barbell)",1,135.0,10.0,0,0.0,
2026-04-14 18:56:49,"Legs",13h 19min,"Romanian Deadlift (Barbell)",2,135.0,10.0,0,0.0,
2026-04-14 18:56:49,"Legs",13h 19min,"Romanian Deadlift (Barbell)",3,135.0,8.0,0,0.0,
2026-04-14 18:56:49,"Legs",13h 19min,"Leg Extension (Machine)",1,130.0,12.0,0,0.0,
2026-04-14 18:56:49,"Legs",13h 19min,"Leg Extension (Machine)",2,145.0,12.0,0,0.0,
2026-04-14 18:56:49,"Legs",13h 19min,"Leg Extension (Machine)",3,145.0,12.0,0,0.0,
2026-04-14 18:56:49,"Legs",13h 19min,"Standing Calf Raise (Machine)",1,230.0,12.0,0,0.0,
2026-04-14 18:56:49,"Legs",13h 19min,"Standing Calf Raise (Machine)",2,230.0,10.0,0,0.0,
2026-04-14 18:56:49,"Legs",13h 19min,"Standing Calf Raise (Machine)",3,230.0,10.0,0,0.0,
2026-04-18 12:43:41,"Back",26h 57min,"Lat Pulldown (Cable)",1,25.0,12.0,0,0.0,
2026-04-18 12:43:41,"Back",26h 57min,"Lat Pulldown (Cable)",2,60.0,10.0,0,0.0,
2026-04-18 12:43:41,"Back",26h 57min,"Lat Pulldown (Cable)",3,60.0,12.0,0,0.0,
2026-04-18 12:43:41,"Back",26h 57min,"Lat Pulldown (Cable)",4,60.0,10.0,0,0.0,
2026-04-18 12:43:41,"Back",26h 57min,"Seated Wide-Grip Row (Cable)",1,25.0,10.0,0,0.0,
2026-04-18 12:43:41,"Back",26h 57min,"Seated Wide-Grip Row (Cable)",2,60.0,10.0,0,0.0,
2026-04-18 12:43:41,"Back",26h 57min,"Seated Wide-Grip Row (Cable)",3,65.0,10.0,0,0.0,
2026-04-18 12:43:41,"Back",26h 57min,"Seated Wide-Grip Row (Cable)",4,70.0,10.0,0,0.0,
2026-04-18 12:43:41,"Back",26h 57min,"Seated Wide-Grip Row (Cable)",5,70.0,10.0,0,0.0,
2026-04-18 12:43:41,"Back",26h 57min,"Preacher Curl (Machine)",1,80.0,12.0,0,0.0,
2026-04-18 12:43:41,"Back",26h 57min,"Preacher Curl (Machine)",2,90.0,10.0,0,0.0,
2026-04-18 12:43:41,"Back",26h 57min,"Preacher Curl (Machine)",3,90.0,10.0,0,0.0,
2026-04-18 12:43:41,"Back",26h 57min,"Preacher Curl (Machine)",4,90.0,10.0,0,0.0,
2026-04-18 12:43:41,"Back",26h 57min,"Bicep Curl (Dumbbell)",1,30.0,8.0,0,0.0,
2026-04-18 12:43:41,"Back",26h 57min,"Bicep Curl (Dumbbell)",2,30.0,8.0,0,0.0,
2026-04-18 12:43:41,"Back",26h 57min,"Bicep Curl (Dumbbell)",3,30.0,8.0,0,0.0,
2026-04-18 12:43:41,"Back",26h 57min,"Seated Row (Machine)",W,30.0,12.0,0,0.0,
2026-04-18 12:43:41,"Back",26h 57min,"Seated Row (Machine)",1,80.0,9.0,0,0.0,
2026-04-18 12:43:41,"Back",26h 57min,"Seated Row (Machine)",2,80.0,9.0,0,0.0,
2026-04-18 12:43:41,"Back",26h 57min,"Seated Row (Machine)",3,80.0,9.0,0,0.0,
2026-04-19 15:41:17,"Legs",50h 54min,"Leg Press",W,90.0,12.0,0,0.0,
2026-04-19 15:41:17,"Legs",50h 54min,"Leg Press",1,180.0,12.0,0,0.0,
2026-04-19 15:41:17,"Legs",50h 54min,"Leg Press",2,270.0,10.0,0,0.0,
2026-04-19 15:41:17,"Legs",50h 54min,"Leg Press",3,360.0,10.0,0,0.0,
2026-04-19 15:41:17,"Legs",50h 54min,"Leg Press",4,400.0,11.0,0,0.0,
2026-04-19 15:41:17,"Legs",50h 54min,"Leg Press",5,400.0,11.0,0,0.0,
2026-04-19 15:41:17,"Legs",50h 54min,"Leg Press",6,400.0,11.0,0,0.0,
2026-04-19 15:41:17,"Legs",50h 54min,"Romanian Deadlift (Barbell)",1,135.0,10.0,0,0.0,
2026-04-19 15:41:17,"Legs",50h 54min,"Romanian Deadlift (Barbell)",2,135.0,8.0,0,0.0,
2026-04-19 15:41:17,"Legs",50h 54min,"Romanian Deadlift (Barbell)",3,135.0,8.0,0,0.0,
2026-04-19 15:41:17,"Legs",50h 54min,"Squat (Barbell)",1,135.0,6.0,0,0.0,
2026-04-19 15:41:17,"Legs",50h 54min,"Squat (Barbell)",2,225.0,5.0,0,0.0,
2026-04-19 15:41:17,"Legs",50h 54min,"Squat (Barbell)",3,155.0,8.0,0,0.0,
2026-04-19 15:41:17,"Legs",50h 54min,"Squat (Barbell)",4,155.0,10.0,0,0.0,
2026-04-19 15:41:17,"Legs",50h 54min,"Lying Leg Curl (Machine)",1,125.0,12.0,0,0.0,
2026-04-19 15:41:17,"Legs",50h 54min,"Lying Leg Curl (Machine)",2,125.0,12.0,0,0.0,
2026-04-19 15:41:17,"Legs",50h 54min,"Lying Leg Curl (Machine)",3,125.0,10.0,0,0.0,
2026-04-19 15:41:17,"Legs",50h 54min,"Seated Calf Raise (Plate Loaded)",1,90.0,10.0,0,0.0,
2026-04-19 15:41:17,"Legs",50h 54min,"Seated Calf Raise (Plate Loaded)",2,90.0,10.0,0,0.0,
2026-04-19 15:41:17,"Legs",50h 54min,"Seated Calf Raise (Plate Loaded)",3,90.0,10.0,0,0.0,
2026-04-21 18:35:39,"Chest",24h 35min,"Bench Press (Barbell)",W,135.0,8.0,0,0.0,
2026-04-21 18:35:39,"Chest",24h 35min,"Bench Press (Barbell)",1,185.0,8.0,0,0.0,
2026-04-21 18:35:39,"Chest",24h 35min,"Bench Press (Barbell)",2,185.0,9.0,0,0.0,
2026-04-21 18:35:39,"Chest",24h 35min,"Bench Press (Barbell)",3,185.0,9.0,0,0.0,
2026-04-21 18:35:39,"Chest",24h 35min,"Chest Press (Machine)",W,40.0,12.0,0,0.0,
2026-04-21 18:35:39,"Chest",24h 35min,"Chest Press (Machine)",1,80.0,10.0,0,0.0,
2026-04-21 18:35:39,"Chest",24h 35min,"Chest Press (Machine)",2,80.0,10.0,0,0.0,
2026-04-21 18:35:39,"Chest",24h 35min,"Chest Press (Machine)",3,80.0,10.0,0,0.0,
2026-04-21 18:35:39,"Chest",24h 35min,"One Arm Tricep Cable Pushdown",1,10.0,12.0,0,0.0,
2026-04-21 18:35:39,"Chest",24h 35min,"One Arm Tricep Cable Pushdown",2,10.0,12.0,0,0.0,
2026-04-21 18:35:39,"Chest",24h 35min,"One Arm Tricep Cable Pushdown",3,10.0,12.0,0,0.0,
2026-04-21 18:35:39,"Chest",24h 35min,"Chest Fly",1,130.0,12.0,0,0.0,
2026-04-21 18:35:39,"Chest",24h 35min,"Chest Fly",2,140.0,12.0,0,0.0,
2026-04-21 18:35:39,"Chest",24h 35min,"Chest Fly",3,140.0,12.0,0,0.0,
2026-04-22 19:10:54,"Back",290h 22min,"Lat Pulldown (Cable)",1,25.0,12.0,0,0.0,
2026-04-22 19:10:54,"Back",290h 22min,"Lat Pulldown (Cable)",2,60.0,10.0,0,0.0,
2026-04-22 19:10:54,"Back",290h 22min,"Lat Pulldown (Cable)",3,65.0,12.0,0,0.0,
2026-04-22 19:10:54,"Back",290h 22min,"Lat Pulldown (Cable)",4,65.0,12.0,0,0.0,
2026-04-22 19:10:54,"Back",290h 22min,"Seated Row (Cable)",1,25.0,12.0,0,0.0,
2026-04-22 19:10:54,"Back",290h 22min,"Seated Row (Cable)",2,70.0,8.0,0,0.0,
2026-04-22 19:10:54,"Back",290h 22min,"Seated Row (Cable)",3,70.0,8.0,0,0.0,
2026-04-22 19:10:54,"Back",290h 22min,"Seated Row (Cable)",4,70.0,8.0,0,0.0,
2026-04-22 19:10:54,"Back",290h 22min,"Bicep Curl (Dumbbell)",1,30.0,12.0,0,0.0,
2026-04-22 19:10:54,"Back",290h 22min,"Bicep Curl (Dumbbell)",2,30.0,12.0,0,0.0,
2026-04-22 19:10:54,"Back",290h 22min,"Bicep Curl (Dumbbell)",3,30.0,12.0,0,0.0,
2026-04-22 19:10:54,"Back",290h 22min,"Bicep Curl (Barbell)",1,60.0,10.0,0,0.0,
2026-04-22 19:10:54,"Back",290h 22min,"Bicep Curl (Barbell)",2,60.0,10.0,0,0.0,
2026-04-22 19:10:54,"Back",290h 22min,"Bicep Curl (Barbell)",3,60.0,10.0,0,0.0,
2026-04-22 19:10:54,"Back",290h 22min,"Seated Row (Machine)",1,80.0,9.0,0,0.0,
2026-04-22 19:10:54,"Back",290h 22min,"Seated Row (Machine)",2,80.0,9.0,0,0.0,
2026-04-22 19:10:54,"Back",290h 22min,"Seated Row (Machine)",3,80.0,9.0,0,0.0,